UID,PLACE,LAT,LONG,site_code,SDS_CODE,KANTON,AGE_COHORT,GENDER,MOBILITY
ABMX,Oensingen,47.29075,7.71757,SO02,SO19,SO,older,Weiblich,1
ABNI,Willisau,47.12156,7.99079,LU06,LU13,LU,older,Weiblich,1
ACBR,Frauenfeld,47.55716,8.89486,TG04,TG15,TG,older,Weiblich,2
ACTW,Hospental,46.61895,8.56797,UR02,UR11,UR,younger,Männlich,1
ACXW,Appenzell,47.33092,9.41006,AI01,AP11,AI,older,Männlich,1
AEPC,Sumiswald,47.02803,7.74515,BE22,BE42,BE,younger,Männlich,1
AGAO,Engelberg,46.82197,8.40447,OW01,UW12,OW,older,Weiblich,1
AHQM,Ermatingen,47.67067,9.08441,TG02,TG8,TG,older,Weiblich,1
AHQN,Würenlingen,47.53103,8.25799,AG10,AG14,AG,younger,Weiblich,1
AHSH,Ernen,46.39836,8.14467,VS02,WS29,VS,younger,Weiblich,2
AIEB,Rorschach/Rorschacherberg,47.48601,9.49412,SG08,SG9,SG,younger,Männlich,2
AIKP,Altdorf,46.88088,8.643,UR01,UR4,UR,younger,Männlich,2
AISI,Marbach,46.85301,7.89888,LU03,LU32,LU,younger,Weiblich,1
AJFE,Einsiedeln,47.12706,8.75399,SZ01,SZ7,SZ,younger,Weiblich,2
AKVO,Obersaxen,46.74558,9.10069,GR05,GR25,GR,older,Weiblich,2
ALGD,Blatten,46.42061,7.81976,VS01,WS7,VS,older,Männlich,1
AMHY,Saas-Grund,46.12329,7.938,VS05,WS21,VS,older,Männlich,1
AMKV,Oensingen,47.29075,7.71757,SO02,SO19,SO,younger,Männlich,1
ANGR,Konolfingen,46.87897,7.62098,BE13,BE60,BE,younger,Männlich,2
ANTS,Sarnen-Kägiswil,46.89607,8.24438,OW03,UW7,OW,older,Weiblich,2
AOLG,Muotathal,46.97497,8.75815,SZ03,SZ15,SZ,older,Männlich,1
AOQC,Reigoldswil,47.39694,7.69164,BL05,BA23,BL,younger,Männlich,2
APFB,Büren,47.13906,7.37273,BE06,BE19,BE,younger,Weiblich,2
APID,Luzern,47.05392,8.30993,LU02,LU25,LU,younger,Weiblich,1
AQZL,Frutigen,46.58837,7.64741,BE09,BE102,BE,older,Männlich,1
ASHR,Mels,47.04644,9.41935,SG06,SG41,SG,younger,Männlich,2
AVMF,Churwalden,46.79686,9.53858,GR02,GR18,GR,older,Männlich,2
AWLY,Solothurn,47.2101,7.52971,SO04,SO25,SO,older,Männlich,3
AWMO,Fischingen,47.41407,8.96914,TG03,TG19,TG,younger,Männlich,2
AWQT,Bülach,47.5188,8.54061,ZH02,ZH16,ZH,older,Männlich,1
AYBA,Vättis,46.9093,9.44055,SG11,SG46,SG,older,Männlich,1
AZPO,Aesch,47.46817,7.59647,BL01,BA7,BL,younger,Männlich,2
BAVI,Sarnen-Kägiswil,46.89607,8.24438,OW03,UW7,OW,younger,Männlich,3
BBCP,Sumiswald,47.02803,7.74515,BE22,BE42,BE,older,Weiblich,1
BCMG,Herisau,47.38892,9.27575,AR01,AP1,AR,older,Weiblich,2
BCUE,Lungern,46.7851,8.1576,OW02,UW10,OW,older,Weiblich,1
BCVF,Bauma/Saland,47.36757,8.87776,ZH01,ZH46,ZH,younger,Weiblich,1
BDAX,Grindelwald,46.62478,8.03534,BE10,BE112,BE,younger,Männlich,1
BDGM,Hospental,46.61895,8.56797,UR02,UR11,UR,younger,Männlich,2
BDJF,Lungern,46.7851,8.1576,OW02,UW10,OW,older,Männlich,1
BDNI,Saanen/Gstaad,46.4787,7.27587,BE20,BE93,BE,younger,Weiblich,1
BDOI,Glarus,47.04119,9.06642,GL02,GL5,GL,older,Weiblich,2
BDUF,Aesch,47.46817,7.59647,BL01,BA7,BL,older,Weiblich,1
BEKM,Willisau,47.12156,7.99079,LU06,LU13,LU,younger,Weiblich,2
BEVG,Olten,47.35224,7.89789,SO03,SO12,SO,older,Weiblich,1
BFHL,Ins,47.00636,7.10464,BE12,BE28,BE,older,Weiblich,1
BFKG,Düdingen,46.84647,7.19085,FR01,FR4,FR,younger,Weiblich,2
BGTK,Adelboden,46.49315,7.55847,BE02,BE104,BE,older,Männlich,1
BHBK,Vättis,46.9093,9.44055,SG11,SG46,SG,younger,Männlich,2
BHGY,Innerthal,47.10615,8.91949,SZ02,SZ8,SZ,younger,Männlich,1
BHXO,Zürich,47.3695,8.53885,ZH07,ZH37,ZH,younger,Männlich,1
BJAD,Altdorf,46.88088,8.643,UR01,UR4,UR,older,Weiblich,2
BJUC,Engelberg,46.82197,8.40447,OW01,UW12,OW,younger,Weiblich,1
BKKM,Mammern,47.64595,8.91593,TG05,TG4,TG,older,Weiblich,2
BKNV,Thusis,46.69518,9.43784,GR08,GR31,GR,older,Weiblich,1
BLBZ,Chur/Masans,46.85105,9.52757,GR01,GR17,GR,older,Männlich,2
BLTF,Bülach,47.5188,8.54061,ZH02,ZH16,ZH,younger,Männlich,1
BLZL,Sumiswald,47.02803,7.74515,BE22,BE42,BE,younger,Weiblich,2
BNAJ,Bülach,47.5188,8.54061,ZH02,ZH16,ZH,older,Weiblich,1
BNBQ,Escholzmatt,46.91403,7.93484,LU01,LU31,LU,younger,Männlich,1
BNOH,St. Niklaus,46.17598,7.80251,VS08,WS17,VS,older,Männlich,2
BNOO,Langenthal,47.21231,7.78712,BE14,BE11,BE,younger,Männlich,1
BOQG,Niederbipp,47.26651,7.6963,BE19,BE8,BE,older,Männlich,1
BOUD,Menziken,47.24278,8.18753,AG06,AG54,AG,older,Weiblich,1
BPSH,Reigoldswil,47.39694,7.69164,BL05,BA23,BL,older,Männlich,1
BRVM,Unterschächen,46.86328,8.76984,UR03,UR5,UR,older,Männlich,1
BRVU,Gurmels,46.8932,7.17226,FR03,FR3,FR,younger,Weiblich,2
BRXK,St. Niklaus,46.17598,7.80251,VS08,WS17,VS,older,Männlich,1
BRYH,Hintere Linthal/Auen,46.89468,8.99111,GL01,GL9,GL,older,Männlich,1
BSRI,Olten,47.35224,7.89789,SO03,SO12,SO,younger,Männlich,1
BTKD,Oberriet,47.32008,9.56447,SG07,SG16,SG,older,Weiblich,2
BUHM,Grabs,47.18279,9.44287,SG05,SG33,SG,younger,Weiblich,2
BVDH,Vättis,46.9093,9.44055,SG11,SG46,SG,younger,Weiblich,2
BVEO,Laufen,47.42059,7.50092,BL03,BE3,BL,younger,Männlich,1
BWVF,Bettlach,47.20294,7.42412,SO01,SO23,SO,older,Weiblich,1
BXDO,Flawil,47.41279,9.18645,SG04,SG3,SG,younger,Weiblich,1
BYPQ,Freiburg,46.79604,7.1675,FR02,FR7,FR,older,Weiblich,2
BYRJ,Obersaxen,46.74558,9.10069,GR05,GR25,GR,younger,Männlich,3
BYRX,Schiers,46.96946,9.68993,GR06,GR10,GR,younger,Weiblich,2
BZEA,St. Gallen,47.43771,9.37291,SG10,SG7,SG,older,Männlich,2
BZEP,Schänis,47.16023,9.0463,SG09,SG34,SG,older,Männlich,2
CALT,Liestal,47.48499,7.73451,BL04,BA14,BL,younger,Männlich,2
CAVF,Sarnen-Kägiswil,46.89607,8.24438,OW03,UW7,OW,older,Männlich,3
CBFY,Adelboden,46.49315,7.55847,BE02,BE104,BE,older,Weiblich,1
CBHV,Vättis,46.9093,9.44055,SG11,SG46,SG,older,Weiblich,1
CBVP,Amriswil,47.54509,9.29842,TG01,TG25,TG,younger,Weiblich,2
CCBS,Aesch,47.46817,7.59647,BL01,BA7,BL,older,Männlich,2
CCGH,Thun,46.75663,7.6245,BE23,BE74,BE,younger,Männlich,2
CCJW,Plaffeien,46.74049,7.28816,FR06,FR12,FR,older,Männlich,1
CCOY,Ebnat-Kappel,47.26259,9.12339,SG02,SG26,SG,older,Männlich,1
CCWJ,Münchenbuchsee,47.02124,7.45048,BE18,BE34,BE,younger,Weiblich,1
CDSL,Schwarzenburg,46.81791,7.34167,BE21,BE64,BE,younger,Männlich,3
CEIX,Oberägeri,47.14153,8.57767,ZG01,ZG7,ZG,younger,Weiblich,1
CFAB,Freiburg,46.79604,7.1675,FR02,FR7,FR,younger,Männlich,2
CGCE,Muotathal,46.97497,8.75815,SZ03,SZ15,SZ,older,Männlich,1
CGIB,St. Niklaus,46.17598,7.80251,VS08,WS17,VS,older,Weiblich,1
CGQA,Ermatingen,47.67067,9.08441,TG02,TG8,TG,younger,Männlich,3
CICD,Visp,46.29263,7.88375,VS10,WS12,VS,younger,Weiblich,1
CIID,Murten,46.92725,7.11826,FR05,FR1,FR,younger,Männlich,2
CJRU,Maur,47.3403,8.66926,ZH04,ZH40,ZH,older,Männlich,1
CLBF,Simplon-Dorf,46.19557,8.05655,VS07,WS25,VS,younger,Weiblich,3
CLEJ,Salgesch,46.31142,7.56975,VS06,WS1,VS,older,Männlich,1
CLER,Bettlach,47.20294,7.42412,SO01,SO23,SO,younger,Männlich,1
CLIB,Bauma/Saland,47.36757,8.87776,ZH01,ZH46,ZH,younger,Weiblich,1
CLUZ,Schiers,46.96946,9.68993,GR06,GR10,GR,older,Männlich,2
CMSY,Konolfingen,46.87897,7.62098,BE13,BE60,BE,older,Weiblich,1
CNCW,Konolfingen,46.87897,7.62098,BE13,BE60,BE,younger,Männlich,2
COOG,Grabs,47.18279,9.44287,SG05,SG33,SG,older,Männlich,2
CQYU,Chur/Masans,46.85105,9.52757,GR01,GR17,GR,younger,Weiblich,2
CRSL,Olten,47.35224,7.89789,SO03,SO12,SO,older,Weiblich,2
CRWO,Würenlingen,47.53103,8.25799,AG10,AG14,AG,younger,Weiblich,1
CTDF,Freiburg,46.79604,7.1675,FR02,FR7,FR,younger,Weiblich,2
CWHJ,Willisau,47.12156,7.99079,LU06,LU13,LU,older,Weiblich,1
CWJJ,Amriswil,47.54509,9.29842,TG01,TG25,TG,older,Weiblich,1
CXMM,Maur,47.3403,8.66926,ZH04,ZH40,ZH,younger,Weiblich,2
CXQZ,Zermatt,46.01962,7.74724,VS11,WS20,VS,younger,Männlich,1
CXSB,Brig-Glis/Gamsen/Ried-Brig,46.29136,7.97069,VS03,WS23,VS,younger,Weiblich,2
CYGU,Marbach,46.85301,7.89888,LU03,LU32,LU,younger,Männlich,1
CYKL,Münchenbuchsee,47.02124,7.45048,BE18,BE34,BE,older,Weiblich,2
CYSF,Glarus,47.04119,9.06642,GL02,GL5,GL,older,Männlich,1
CYWL,Spreitenbach,47.4178,8.36491,AG09,AG33,AG,older,Weiblich,2
CZER,Zofingen,47.28908,7.94494,AG11,AG47,AG,older,Männlich,1
CZJB,Salgesch,46.31142,7.56975,VS06,WS1,VS,older,Weiblich,1
CZKB,Spreitenbach,47.4178,8.36491,AG09,AG33,AG,older,Männlich,1
CZLH,Burgdorf,47.05618,7.6229,BE07,BE38,BE,younger,Weiblich,3
CZMV,Oensingen,47.29075,7.71757,SO02,SO19,SO,younger,Weiblich,1
DEML,Zweisimmen,46.54537,7.38127,BE25,BE91,BE,older,Weiblich,1
DFOW,Aarau,47.39023,8.04523,AG01,AG34,AG,younger,Weiblich,1
DGMU,Niederbipp,47.26651,7.6963,BE19,BE8,BE,older,Männlich,1
DGSC,Jaun,46.61094,7.27808,FR04,FR14,FR,younger,Männlich,2
DHAB,Blatten,46.42061,7.81976,VS01,WS7,VS,older,Männlich,1
DHAM,Davos/Frauenkirch,46.79752,9.82558,GR03,GR24,GR,younger,Männlich,2
DIYE,Herisau,47.38892,9.27575,AR01,AP1,AR,younger,Weiblich,1
DIZP,Weggis,47.03221,8.43457,LU05,LU28,LU,older,Weiblich,1
DJLC,Laufen,47.42059,7.50092,BL03,BE3,BL,older,Weiblich,2
DJVZ,Thun,46.75663,7.6245,BE23,BE74,BE,older,Weiblich,1
DKPP,Chur/Masans,46.85105,9.52757,GR01,GR17,GR,older,Weiblich,2
DKTE,Olten,47.35224,7.89789,SO03,SO12,SO,older,Männlich,2
DMSW,Turtmann,46.3004,7.70341,VS09,WS5,VS,younger,Männlich,1
DMYY,Flawil,47.41279,9.18645,SG04,SG3,SG,younger,Männlich,1
DNGG,Zweisimmen,46.54537,7.38127,BE25,BE91,BE,older,Männlich,2
DNMP,Weinfelden,47.56687,9.10911,TG06,TG9,TG,younger,Männlich,1
DNOS,Turtmann,46.3004,7.70341,VS09,WS5,VS,younger,Weiblich,1
DNTL,Freiburg,46.79604,7.1675,FR02,FR7,FR,older,Männlich,2
DNVV,Hospental,46.61895,8.56797,UR02,UR11,UR,older,Weiblich,1
DOED,Menziken,47.24278,8.18753,AG06,AG54,AG,younger,Weiblich,1
DOYR,Lungern,46.7851,8.1576,OW02,UW10,OW,younger,Männlich,1
DQIU,Rafz,47.61237,8.53723,ZH05,ZH3,ZH,older,Männlich,1
DQYW,Lungern,46.7851,8.1576,OW02,UW10,OW,older,Weiblich,1
DRXU,Reckingen,46.46967,8.24325,VS04,WS32,VS,older,Männlich,1
DSIC,Basel,47.55902,7.58877,BS01,BA1,BS,younger,Weiblich,1
DSLN,Ins,47.00636,7.10464,BE12,BE28,BE,older,Männlich,2
DSMR,Bettlach,47.20294,7.42412,SO01,SO23,SO,younger,Weiblich,1
DTAZ,Möhlin,47.5575,7.84519,AG08,AG2,AG,older,Männlich,1
DTEM,Sarnen-Kägiswil,46.89607,8.24438,OW03,UW7,OW,younger,Männlich,1
DTWK,Ermatingen,47.67067,9.08441,TG02,TG8,TG,older,Männlich,1
DTXP,Olten,47.35224,7.89789,SO03,SO12,SO,younger,Männlich,2
DUGA,Düdingen,46.84647,7.19085,FR01,FR4,FR,older,Männlich,2
DYAK,Eschenbach,47.25551,8.91835,SG03,SG22,SG,younger,Weiblich,1
DYND,Bern,46.93849,7.44783,BE03,BE47,BE,younger,Weiblich,2
DZTY,Würenlingen,47.53103,8.25799,AG10,AG14,AG,older,Männlich,2
EAVK,Diepoldsau,47.38495,9.65582,SG01,SG15,SG,older,Weiblich,1
EBCW,Zermatt,46.01962,7.74724,VS11,WS20,VS,younger,Weiblich,2
ECVN,Marbach,46.85301,7.89888,LU03,LU32,LU,older,Männlich,1
EDLT,Eschenbach,47.25551,8.91835,SG03,SG22,SG,younger,Männlich,2
EDTB,Amriswil,47.54509,9.29842,TG01,TG25,TG,younger,Männlich,1
EECM,Spiez/Faulensee,46.671,7.70914,BE08,BE75,BE,older,Männlich,2
EEIN,Hospental,46.61895,8.56797,UR02,UR11,UR,younger,Weiblich,2
EFKS,Luzern,47.05392,8.30993,LU02,LU25,LU,older,Männlich,1
EFPC,Büren,47.13906,7.37273,BE06,BE19,BE,younger,Männlich,2
EGEH,Bremgarten/Widen/Zufikon,47.3505,8.34389,AG02,AG43,AG,older,Männlich,2
EGZW,Zweisimmen,46.54537,7.38127,BE25,BE91,BE,younger,Weiblich,2
EJOM,Mels,47.04644,9.41935,SG06,SG41,SG,older,Männlich,1
EJPH,Büren,47.13906,7.37273,BE06,BE19,BE,younger,Männlich,1
EJSR,Basel,47.55902,7.58877,BS01,BA1,BS,older,Weiblich,2
ELAJ,Bremgarten/Widen/Zufikon,47.3505,8.34389,AG02,AG43,AG,younger,Männlich,2
ELJW,Mels,47.04644,9.41935,SG06,SG41,SG,older,Weiblich,1
EMDA,Merenschwand,47.26031,8.37408,AG07,AG59,AG,older,Männlich,2
EMZF,Bettlach,47.20294,7.42412,SO01,SO23,SO,younger,Weiblich,1
ENGZ,Bauma/Saland,47.36757,8.87776,ZH01,ZH46,ZH,older,Männlich,1
ENWC,Vättis,46.9093,9.44055,SG11,SG46,SG,younger,Weiblich,2
EPKE,Teufen,47.39069,9.3871,AR02,AP4,AR,younger,Weiblich,1
EPQP,Weggis,47.03221,8.43457,LU05,LU28,LU,younger,Weiblich,2
ESSD,Simplon-Dorf,46.19557,8.05655,VS07,WS25,VS,younger,Männlich,2
ESTD,Stans/Oberdorf,46.95722,8.36617,NW01,UW2,NW,older,Weiblich,1
ETKD,Gurmels,46.8932,7.17226,FR03,FR3,FR,younger,Weiblich,1
EUEH,Laufen,47.42059,7.50092,BL03,BE3,BL,younger,Weiblich,1
EUGJ,St. Niklaus,46.17598,7.80251,VS08,WS17,VS,younger,Weiblich,1
EVCN,Thun,46.75663,7.6245,BE23,BE74,BE,younger,Weiblich,2
EVFU,Thusis,46.69518,9.43784,GR08,GR31,GR,younger,Weiblich,2
EVJU,Büren,47.13906,7.37273,BE06,BE19,BE,older,Männlich,1
EVQN,Altdorf,46.88088,8.643,UR01,UR4,UR,older,Männlich,2
EVVM,Bremgarten/Widen/Zufikon,47.3505,8.34389,AG02,AG43,AG,younger,Männlich,2
EWCC,Oberriet,47.32008,9.56447,SG07,SG16,SG,younger,Männlich,1
EXRW,Oberriet,47.32008,9.56447,SG07,SG16,SG,younger,Weiblich,1
EYLY,Sumiswald,47.02803,7.74515,BE22,BE42,BE,older,Männlich,1
EYWJ,Gurmels,46.8932,7.17226,FR03,FR3,FR,older,Männlich,1
EYXR,Winterthur,47.49887,8.72867,ZH06,ZH21,ZH,older,Weiblich,1
FAHE,Münchenbuchsee,47.02124,7.45048,BE18,BE34,BE,older,Weiblich,1
FALC,Saanen/Gstaad,46.4787,7.27587,BE20,BE93,BE,younger,Männlich,1
FAPZ,Grabs,47.18279,9.44287,SG05,SG33,SG,older,Weiblich,1
FBTV,Ernen,46.39836,8.14467,VS02,WS29,VS,older,Weiblich,1
FBWY,Adelboden,46.49315,7.55847,BE02,BE104,BE,younger,Männlich,1
FCLR,Aesch,47.46817,7.59647,BL01,BA7,BL,older,Weiblich,2
FEMF,Aesch,47.46817,7.59647,BL01,BA7,BL,younger,Weiblich,2
FFOD,Solothurn,47.2101,7.52971,SO04,SO25,SO,younger,Männlich,2
FFRL,Turtmann,46.3004,7.70341,VS09,WS5,VS,younger,Männlich,1
FGTI,Thun,46.75663,7.6245,BE23,BE74,BE,older,Männlich,3
FHSY,Teufen,47.39069,9.3871,AR02,AP4,AR,younger,Männlich,2
FIBD,Unterschächen,46.86328,8.76984,UR03,UR5,UR,younger,Weiblich,2
FIKU,Weggis,47.03221,8.43457,LU05,LU28,LU,older,Weiblich,2
FJCF,Oensingen,47.29075,7.71757,SO02,SO19,SO,younger,Männlich,2
FJHI,Düdingen,46.84647,7.19085,FR01,FR4,FR,older,Weiblich,1
FJJI,Muotathal,46.97497,8.75815,SZ03,SZ15,SZ,younger,Männlich,1
FJTV,Horgen,47.25917,8.59868,ZH03,ZH55,ZH,younger,Männlich,1
FLCV,Igis,46.96387,9.55825,GR04,GR5,GR,older,Weiblich,3
FLKN,Brugg,47.48281,8.20683,AG03,AG29,AG,older,Weiblich,2
FMFX,Niederbipp,47.26651,7.6963,BE19,BE8,BE,younger,Weiblich,2
FMHR,Fischingen,47.41407,8.96914,TG03,TG19,TG,older,Männlich,2
FMOO,Grabs,47.18279,9.44287,SG05,SG33,SG,younger,Männlich,2
FNGR,Diepoldsau,47.38495,9.65582,SG01,SG15,SG,older,Weiblich,2
FNUF,Luzern,47.05392,8.30993,LU02,LU25,LU,younger,Männlich,1
FNVT,Zürich,47.3695,8.53885,ZH07,ZH37,ZH,younger,Männlich,1
FONZ,Spiez/Faulensee,46.671,7.70914,BE08,BE75,BE,older,Weiblich,1
FOPS,Reigoldswil,47.39694,7.69164,BL05,BA23,BL,older,Weiblich,1
FPFX,Fischingen,47.41407,8.96914,TG03,TG19,TG,older,Weiblich,2
FPKO,Blumenstein,46.74056,7.52107,BE05,BE72,BE,younger,Weiblich,1
FPZN,Merenschwand,47.26031,8.37408,AG07,AG59,AG,younger,Männlich,1
FQAF,Grindelwald,46.62478,8.03534,BE10,BE112,BE,younger,Männlich,1
FQWL,Meiringen,46.72734,8.18692,BE17,BE85,BE,younger,Weiblich,3
FQYS,Luzern,47.05392,8.30993,LU02,LU25,LU,younger,Männlich,1
FRBT,Saanen/Gstaad,46.4787,7.27587,BE20,BE93,BE,older,Männlich,2
FRFQ,Lauterbrunnen,46.5867,7.90705,BE16,BE110,BE,older,Weiblich,1
FRWW,Zug,47.1682,8.51756,ZG02,ZG5,ZG,older,Weiblich,2
FSTE,Grabs,47.18279,9.44287,SG05,SG33,SG,older,Männlich,1
FSUY,Igis,46.96387,9.55825,GR04,GR5,GR,older,Männlich,1
FSWB,Gelterkinden,47.46393,7.85508,BL02,BA19,BL,older,Männlich,2
FTDY,Burgdorf,47.05618,7.6229,BE07,BE38,BE,older,Weiblich,1
FTFT,Langnau,46.94066,7.78536,BE15,BE52,BE,younger,Weiblich,1
FVIK,Bosco/Gurin,46.3165,8.49157,TI01,TI1,TI,younger,Weiblich,1
FVIZ,Zermatt,46.01962,7.74724,VS11,WS20,VS,older,Weiblich,3
FVTU,Niederbipp,47.26651,7.6963,BE19,BE8,BE,older,Weiblich,3
FWAG,Stans/Oberdorf,46.95722,8.36617,NW01,UW2,NW,older,Weiblich,2
FWND,Salgesch,46.31142,7.56975,VS06,WS1,VS,younger,Männlich,1
FXCQ,Glarus,47.04119,9.06642,GL02,GL5,GL,older,Weiblich,1
FXKN,Sumiswald,47.02803,7.74515,BE22,BE42,BE,older,Männlich,2
FYQI,Churwalden,46.79686,9.53858,GR02,GR18,GR,younger,Männlich,2
FZPW,Maur,47.3403,8.66926,ZH04,ZH40,ZH,older,Weiblich,1
GAUD,Einsiedeln,47.12706,8.75399,SZ01,SZ7,SZ,older,Männlich,1
GAZV,Oberägeri,47.14153,8.57767,ZG01,ZG7,ZG,older,Weiblich,1
GBTH,Murten,46.92725,7.11826,FR05,FR1,FR,younger,Weiblich,1
GDJE,Zürich,47.3695,8.53885,ZH07,ZH37,ZH,younger,Weiblich,2
GFKH,Innerthal,47.10615,8.91949,SZ02,SZ8,SZ,older,Weiblich,1
GFPM,Gränichen,47.35755,8.10045,AG05,AG36,AG,younger,Weiblich,2
GFYZ,Obersaxen,46.74558,9.10069,GR05,GR25,GR,older,Männlich,1
GGLE,Oberriet,47.32008,9.56447,SG07,SG16,SG,older,Männlich,1
GGSX,Frauenfeld,47.55716,8.89486,TG04,TG15,TG,younger,Männlich,2
GHGD,Brugg,47.48281,8.20683,AG03,AG29,AG,younger,Männlich,1
GHLF,Horgen,47.25917,8.59868,ZH03,ZH55,ZH,younger,Weiblich,2
GHMK,Stans/Oberdorf,46.95722,8.36617,NW01,UW2,NW,older,Männlich,1
GHXY,Basel,47.55902,7.58877,BS01,BA1,BS,older,Männlich,3
GIIR,Innerthal,47.10615,8.91949,SZ02,SZ8,SZ,younger,Weiblich,1
GIOH,Ermatingen,47.67067,9.08441,TG02,TG8,TG,older,Weiblich,1
GIQG,Adelboden,46.49315,7.55847,BE02,BE104,BE,younger,Männlich,1
GIWV,Reckingen,46.46967,8.24325,VS04,WS32,VS,younger,Weiblich,3
GJCI,Bosco/Gurin,46.3165,8.49157,TI01,TI1,TI,older,Weiblich,1
GKBE,Zofingen,47.28908,7.94494,AG11,AG47,AG,younger,Männlich,2
GKBV,Frutigen,46.58837,7.64741,BE09,BE102,BE,younger,Männlich,2
GMMO,Münchenbuchsee,47.02124,7.45048,BE18,BE34,BE,younger,Weiblich,1
GMWW,Winterthur,47.49887,8.72867,ZH06,ZH21,ZH,younger,Männlich,1
GNBU,Sursee,47.17131,8.10738,LU04,LU6,LU,younger,Männlich,1
GNMQ,Plaffeien,46.74049,7.28816,FR06,FR12,FR,younger,Männlich,1
GOAU,Bern,46.93849,7.44783,BE03,BE47,BE,older,Weiblich,2
GOLW,Blatten,46.42061,7.81976,VS01,WS7,VS,younger,Weiblich,2
GOOB,Oensingen,47.29075,7.71757,SO02,SO19,SO,older,Männlich,1
GOQI,Sursee,47.17131,8.10738,LU04,LU6,LU,older,Weiblich,1
GOSY,Churwalden,46.79686,9.53858,GR02,GR18,GR,older,Weiblich,1
GOYC,Unterschächen,46.86328,8.76984,UR03,UR5,UR,younger,Weiblich,1
GPAK,Ebnat-Kappel,47.26259,9.12339,SG02,SG26,SG,younger,Weiblich,1
GPGA,Weinfelden,47.56687,9.10911,TG06,TG9,TG,older,Weiblich,2
GRAR,Sarnen-Kägiswil,46.89607,8.24438,OW03,UW7,OW,younger,Weiblich,2
GRPJ,Wilchingen,47.66697,8.46779,SH02,SH2,SH,older,Weiblich,2
GSLS,Bern,46.93849,7.44783,BE03,BE47,BE,older,Männlich,1
GUTF,Solothurn,47.2101,7.52971,SO04,SO25,SO,younger,Männlich,1
GVNN,Obersaxen,46.74558,9.10069,GR05,GR25,GR,younger,Männlich,2
GVUS,Visp,46.29263,7.88375,VS10,WS12,VS,younger,Männlich,2
GWOX,Stans/Oberdorf,46.95722,8.36617,NW01,UW2,NW,older,Männlich,1
GXEB,Saas-Grund,46.12329,7.938,VS05,WS21,VS,younger,Männlich,1
GYBZ,Escholzmatt,46.91403,7.93484,LU01,LU31,LU,younger,Weiblich,1
GYUD,St. Gallen,47.43771,9.37291,SG10,SG7,SG,older,Weiblich,2
GZMD,Burgdorf,47.05618,7.6229,BE07,BE38,BE,younger,Männlich,2
HBBQ,Laufen,47.42059,7.50092,BL03,BE3,BL,older,Männlich,2
HCIF,Lauterbrunnen,46.5867,7.90705,BE16,BE110,BE,younger,Männlich,3
HDLV,Liestal,47.48499,7.73451,BL04,BA14,BL,younger,Weiblich,1
HDNF,Chur/Masans,46.85105,9.52757,GR01,GR17,GR,younger,Männlich,1
HEHU,Oberriet,47.32008,9.56447,SG07,SG16,SG,older,Männlich,2
HEVH,Aesch,47.46817,7.59647,BL01,BA7,BL,younger,Männlich,1
HFCS,Salgesch,46.31142,7.56975,VS06,WS1,VS,younger,Weiblich,1
HFSV,Bern,46.93849,7.44783,BE03,BE47,BE,younger,Männlich,1
HGBP,Wilchingen,47.66697,8.46779,SH02,SH2,SH,younger,Weiblich,1
HGYK,Mels,47.04644,9.41935,SG06,SG41,SG,younger,Männlich,1
HHHE,St. Niklaus,46.17598,7.80251,VS08,WS17,VS,younger,Männlich,1
HIGZ,Frauenfeld,47.55716,8.89486,TG04,TG15,TG,older,Männlich,2
HKRF,Frauenfeld,47.55716,8.89486,TG04,TG15,TG,younger,Weiblich,2
HLFM,Engelberg,46.82197,8.40447,OW01,UW12,OW,younger,Weiblich,1
HMXR,Thun,46.75663,7.6245,BE23,BE74,BE,younger,Männlich,1
HPNB,Bülach,47.5188,8.54061,ZH02,ZH16,ZH,younger,Männlich,2
HPYW,Hospental,46.61895,8.56797,UR02,UR11,UR,older,Männlich,2
HQPB,Reckingen,46.46967,8.24325,VS04,WS32,VS,older,Weiblich,1
HUBI,Langenthal,47.21231,7.78712,BE14,BE11,BE,older,Männlich,2
HUDO,Fischingen,47.41407,8.96914,TG03,TG19,TG,older,Männlich,1
HUYI,Blumenstein,46.74056,7.52107,BE05,BE72,BE,older,Weiblich,2
HVLO,Igis,46.96387,9.55825,GR04,GR5,GR,younger,Männlich,2
HWDZ,Horgen,47.25917,8.59868,ZH03,ZH55,ZH,older,Männlich,1
HWOL,Huttwil,47.11406,7.84841,BE11,BE26,BE,older,Weiblich,1
HWTX,Lungern,46.7851,8.1576,OW02,UW10,OW,older,Männlich,1
HWYK,Davos/Frauenkirch,46.79752,9.82558,GR03,GR24,GR,younger,Männlich,2
HXHY,Glarus,47.04119,9.06642,GL02,GL5,GL,younger,Weiblich,1
HXVS,Huttwil,47.11406,7.84841,BE11,BE26,BE,older,Weiblich,1
HXZZ,Sarnen-Kägiswil,46.89607,8.24438,OW03,UW7,OW,younger,Weiblich,1
HZBG,Murten,46.92725,7.11826,FR05,FR1,FR,older,Weiblich,1
HZRN,Wil,47.46165,9.04346,SG12,SG2,SG,younger,Weiblich,1
HZVF,Lauterbrunnen,46.5867,7.90705,BE16,BE110,BE,older,Männlich,1
IATI,Obersaxen,46.74558,9.10069,GR05,GR25,GR,older,Weiblich,1
IBYY,Oberriet,47.32008,9.56447,SG07,SG16,SG,older,Weiblich,1
IDFP,Blatten,46.42061,7.81976,VS01,WS7,VS,older,Weiblich,1
IEEA,Churwalden,46.79686,9.53858,GR02,GR18,GR,older,Männlich,2
IGCP,Schaffhausen,47.69868,8.63228,SH01,SH7,SH,older,Männlich,2
IGVA,Turtmann,46.3004,7.70341,VS09,WS5,VS,younger,Weiblich,2
IHIF,Basel,47.55902,7.58877,BS01,BA1,BS,older,Männlich,3
IJMG,Zermatt,46.01962,7.74724,VS11,WS20,VS,older,Weiblich,1
IJQQ,Rafz,47.61237,8.53723,ZH05,ZH3,ZH,older,Weiblich,2
IKHY,Maur,47.3403,8.66926,ZH04,ZH40,ZH,younger,Weiblich,1
IKIA,Churwalden,46.79686,9.53858,GR02,GR18,GR,older,Weiblich,1
IKNR,Frutigen,46.58837,7.64741,BE09,BE102,BE,older,Weiblich,1
IMMC,St. Niklaus,46.17598,7.80251,VS08,WS17,VS,younger,Männlich,3
IMST,Aarberg,47.04542,7.2781,BE01,BE31,BE,older,Weiblich,1
INBX,Diepoldsau,47.38495,9.65582,SG01,SG15,SG,younger,Weiblich,2
IOCC,Aarberg,47.04542,7.2781,BE01,BE31,BE,older,Männlich,1
IOSV,Weggis,47.03221,8.43457,LU05,LU28,LU,older,Männlich,1
IPCB,Salgesch,46.31142,7.56975,VS06,WS1,VS,younger,Weiblich,1
IPHH,Huttwil,47.11406,7.84841,BE11,BE26,BE,younger,Männlich,1
IPJN,Ebnat-Kappel,47.26259,9.12339,SG02,SG26,SG,younger,Männlich,1
IPMA,Chur/Masans,46.85105,9.52757,GR01,GR17,GR,younger,Männlich,2
IPQX,Aarau,47.39023,8.04523,AG01,AG34,AG,older,Weiblich,2
ISAE,Büren,47.13906,7.37273,BE06,BE19,BE,older,Männlich,2
ISEJ,Sursee,47.17131,8.10738,LU04,LU6,LU,younger,Weiblich,1
ISGL,Aarau,47.39023,8.04523,AG01,AG34,AG,younger,Männlich,1
IVZI,Gurmels,46.8932,7.17226,FR03,FR3,FR,younger,Männlich,3
IXKM,Ins,47.00636,7.10464,BE12,BE28,BE,younger,Weiblich,1
IXXR,Simplon-Dorf,46.19557,8.05655,VS07,WS25,VS,older,Männlich,1
IZNJ,Thusis,46.69518,9.43784,GR08,GR31,GR,older,Weiblich,2
IZSQ,Obersaxen,46.74558,9.10069,GR05,GR25,GR,older,Männlich,2
JAGZ,Spiez/Faulensee,46.671,7.70914,BE08,BE75,BE,younger,Männlich,3
JASL,Oberriet,47.32008,9.56447,SG07,SG16,SG,younger,Weiblich,2
JAXC,Igis,46.96387,9.55825,GR04,GR5,GR,younger,Männlich,2
JBIL,Rafz,47.61237,8.53723,ZH05,ZH3,ZH,older,Weiblich,1
JCQC,Wil,47.46165,9.04346,SG12,SG2,SG,younger,Weiblich,1
JDKE,Teufen,47.39069,9.3871,AR02,AP4,AR,older,Männlich,2
JDOB,Wilchingen,47.66697,8.46779,SH02,SH2,SH,older,Weiblich,1
JEAL,Zweisimmen,46.54537,7.38127,BE25,BE91,BE,older,Weiblich,3
JEAO,Zürich,47.3695,8.53885,ZH07,ZH37,ZH,older,Weiblich,2
JEUB,Menziken,47.24278,8.18753,AG06,AG54,AG,younger,Männlich,1
JGLJ,Laufen,47.42059,7.50092,BL03,BE3,BL,younger,Männlich,2
JGSK,Innerthal,47.10615,8.91949,SZ02,SZ8,SZ,younger,Männlich,2
JICI,Frick,47.50728,8.02135,AG04,AG6,AG,younger,Männlich,2
JIME,Simplon-Dorf,46.19557,8.05655,VS07,WS25,VS,older,Weiblich,1
JIQI,Spreitenbach,47.4178,8.36491,AG09,AG33,AG,older,Männlich,2
JIYA,Frauenfeld,47.55716,8.89486,TG04,TG15,TG,older,Weiblich,2
JKBX,Möhlin,47.5575,7.84519,AG08,AG2,AG,older,Weiblich,2
JKZM,Aarau,47.39023,8.04523,AG01,AG34,AG,older,Männlich,1
JLQZ,Reigoldswil,47.39694,7.69164,BL05,BA23,BL,older,Weiblich,1
JMOG,Spiez/Faulensee,46.671,7.70914,BE08,BE75,BE,younger,Weiblich,1
JNDD,Saanen/Gstaad,46.4787,7.27587,BE20,BE93,BE,older,Weiblich,2
JNLN,Büren,47.13906,7.37273,BE06,BE19,BE,older,Weiblich,2
JOFB,Schwyz,47.0211,8.65404,SZ04,SZ13,SZ,older,Männlich,3
JPQE,Engelberg,46.82197,8.40447,OW01,UW12,OW,older,Weiblich,1
JRME,Schmitten,46.68814,9.67165,GR07,GR34,GR,older,Männlich,2
JSHF,Merenschwand,47.26031,8.37408,AG07,AG59,AG,older,Weiblich,2
JTEM,Rorschach/Rorschacherberg,47.48601,9.49412,SG08,SG9,SG,older,Weiblich,2
JTPS,Bauma/Saland,47.36757,8.87776,ZH01,ZH46,ZH,older,Weiblich,2
JTVH,Schwarzenburg,46.81791,7.34167,BE21,BE64,BE,older,Weiblich,1
JUIK,Spreitenbach,47.4178,8.36491,AG09,AG33,AG,younger,Weiblich,1
JURN,Gurmels,46.8932,7.17226,FR03,FR3,FR,older,Männlich,2
JVJL,Gelterkinden,47.46393,7.85508,BL02,BA19,BL,younger,Weiblich,2
JVOT,Ernen,46.39836,8.14467,VS02,WS29,VS,younger,Weiblich,1
JXAT,Thun,46.75663,7.6245,BE23,BE74,BE,older,Männlich,2
JXGS,Zug,47.1682,8.51756,ZG02,ZG5,ZG,older,Weiblich,2
JXIV,Spiez/Faulensee,46.671,7.70914,BE08,BE75,BE,older,Weiblich,1
KBMJ,Frutigen,46.58837,7.64741,BE09,BE102,BE,younger,Männlich,2
KCRZ,Zug,47.1682,8.51756,ZG02,ZG5,ZG,younger,Männlich,1
KCUO,Grindelwald,46.62478,8.03534,BE10,BE112,BE,older,Weiblich,1
KDEU,Lauterbrunnen,46.5867,7.90705,BE16,BE110,BE,older,Männlich,1
KDRC,Reckingen,46.46967,8.24325,VS04,WS32,VS,younger,Männlich,1
KDYB,Reckingen,46.46967,8.24325,VS04,WS32,VS,older,Weiblich,1
KEDM,Altdorf,46.88088,8.643,UR01,UR4,UR,older,Männlich,1
KEOL,Horgen,47.25917,8.59868,ZH03,ZH55,ZH,younger,Weiblich,1
KEOY,Burgdorf,47.05618,7.6229,BE07,BE38,BE,younger,Männlich,2
KETC,Schwyz,47.0211,8.65404,SZ04,SZ13,SZ,older,Weiblich,1
KEZZ,Basel,47.55902,7.58877,BS01,BA1,BS,younger,Männlich,1
KFFF,Münchenbuchsee,47.02124,7.45048,BE18,BE34,BE,older,Männlich,1
KFQY,Gelterkinden,47.46393,7.85508,BL02,BA19,BL,older,Weiblich,2
KFTU,Frick,47.50728,8.02135,AG04,AG6,AG,younger,Männlich,3
KFYD,Vals,46.61663,9.18029,GR09,GR27,GR,younger,Weiblich,3
KHMQ,Zermatt,46.01962,7.74724,VS11,WS20,VS,older,Männlich,2
KHPQ,Schänis,47.16023,9.0463,SG09,SG34,SG,younger,Männlich,2
KJEV,Möhlin,47.5575,7.84519,AG08,AG2,AG,older,Weiblich,2
KJNO,Ins,47.00636,7.10464,BE12,BE28,BE,older,Männlich,1
KKHV,Interlaken/Unterseen,46.68409,7.84646,BE24,BE79,BE,younger,Männlich,2
KKTQ,Biel,47.14162,7.24749,BE04,BE15,BE,younger,Männlich,1
KLXL,Wollerau/Freienbach,47.19581,8.72004,SZ05,SZ1,SZ,older,Männlich,1
KMII,Ins,47.00636,7.10464,BE12,BE28,BE,younger,Weiblich,2
KNCA,Teufen,47.39069,9.3871,AR02,AP4,AR,older,Weiblich,1
KNPB,Schiers,46.96946,9.68993,GR06,GR10,GR,younger,Weiblich,1
KOOG,Zermatt,46.01962,7.74724,VS11,WS20,VS,older,Männlich,2
KOQB,Bauma/Saland,47.36757,8.87776,ZH01,ZH46,ZH,older,Männlich,1
KORE,Schwyz,47.0211,8.65404,SZ04,SZ13,SZ,older,Männlich,2
KPFH,Zürich,47.3695,8.53885,ZH07,ZH37,ZH,older,Männlich,2
KPHL,Spreitenbach,47.4178,8.36491,AG09,AG33,AG,younger,Weiblich,2
KQWD,Zug,47.1682,8.51756,ZG02,ZG5,ZG,older,Männlich,2
KRKJ,Hospental,46.61895,8.56797,UR02,UR11,UR,younger,Weiblich,1
KRMJ,Flawil,47.41279,9.18645,SG04,SG3,SG,older,Männlich,1
KRZH,Merenschwand,47.26031,8.37408,AG07,AG59,AG,younger,Männlich,2
KSJX,Gurmels,46.8932,7.17226,FR03,FR3,FR,older,Weiblich,1
KUGY,Horgen,47.25917,8.59868,ZH03,ZH55,ZH,younger,Männlich,1
KUSC,Gränichen,47.35755,8.10045,AG05,AG36,AG,older,Männlich,2
KVDO,Schmitten,46.68814,9.67165,GR07,GR34,GR,older,Weiblich,3
KVYN,Vals,46.61663,9.18029,GR09,GR27,GR,younger,Weiblich,2
KXNF,Glarus,47.04119,9.06642,GL02,GL5,GL,younger,Weiblich,1
KYSI,Einsiedeln,47.12706,8.75399,SZ01,SZ7,SZ,older,Männlich,1
KZCC,Sumiswald,47.02803,7.74515,BE22,BE42,BE,older,Weiblich,1
LAKO,Churwalden,46.79686,9.53858,GR02,GR18,GR,younger,Weiblich,2
LAKP,Bauma/Saland,47.36757,8.87776,ZH01,ZH46,ZH,younger,Männlich,1
LAOE,Stans/Oberdorf,46.95722,8.36617,NW01,UW2,NW,younger,Weiblich,1
LAPG,Winterthur,47.49887,8.72867,ZH06,ZH21,ZH,older,Männlich,1
LAXN,Vals,46.61663,9.18029,GR09,GR27,GR,older,Weiblich,2
LBNN,Hospental,46.61895,8.56797,UR02,UR11,UR,older,Weiblich,2
LBVW,Frutigen,46.58837,7.64741,BE09,BE102,BE,younger,Weiblich,1
LBYC,Olten,47.35224,7.89789,SO03,SO12,SO,younger,Weiblich,1
LCNW,Olten,47.35224,7.89789,SO03,SO12,SO,older,Männlich,1
LCXS,Altdorf,46.88088,8.643,UR01,UR4,UR,younger,Männlich,3
LDAP,Schaffhausen,47.69868,8.63228,SH01,SH7,SH,younger,Weiblich,1
LDNK,Flawil,47.41279,9.18645,SG04,SG3,SG,younger,Weiblich,1
LDXH,Schänis,47.16023,9.0463,SG09,SG34,SG,older,Männlich,2
LEDK,Winterthur,47.49887,8.72867,ZH06,ZH21,ZH,younger,Männlich,1
LEGF,Langnau,46.94066,7.78536,BE15,BE52,BE,younger,Weiblich,1
LEJJ,Eschenbach,47.25551,8.91835,SG03,SG22,SG,older,Weiblich,1
LFFD,Diepoldsau,47.38495,9.65582,SG01,SG15,SG,older,Männlich,1
LHAU,Ebnat-Kappel,47.26259,9.12339,SG02,SG26,SG,younger,Männlich,1
LHHT,Brugg,47.48281,8.20683,AG03,AG29,AG,older,Weiblich,2
LHTZ,Ins,47.00636,7.10464,BE12,BE28,BE,older,Weiblich,2
LIDX,Schwyz,47.0211,8.65404,SZ04,SZ13,SZ,younger,Männlich,1
LIPR,Ebnat-Kappel,47.26259,9.12339,SG02,SG26,SG,older,Weiblich,2
LJIP,Sursee,47.17131,8.10738,LU04,LU6,LU,older,Männlich,1
LLBP,Gelterkinden,47.46393,7.85508,BL02,BA19,BL,younger,Männlich,1
LLNV,Solothurn,47.2101,7.52971,SO04,SO25,SO,younger,Weiblich,1
LMVO,Bauma/Saland,47.36757,8.87776,ZH01,ZH46,ZH,older,Weiblich,2
LOCO,Bettlach,47.20294,7.42412,SO01,SO23,SO,younger,Männlich,1
LOFY,Interlaken/Unterseen,46.68409,7.84646,BE24,BE79,BE,younger,Weiblich,2
LOHZ,Düdingen,46.84647,7.19085,FR01,FR4,FR,older,Weiblich,2
LPNE,Sursee,47.17131,8.10738,LU04,LU6,LU,older,Männlich,2
LQUM,Escholzmatt,46.91403,7.93484,LU01,LU31,LU,older,Weiblich,1
LQVZ,Flawil,47.41279,9.18645,SG04,SG3,SG,older,Weiblich,2
LRMP,Willisau,47.12156,7.99079,LU06,LU13,LU,older,Männlich,1
LSIS,Turtmann,46.3004,7.70341,VS09,WS5,VS,older,Weiblich,1
LTAQ,Weggis,47.03221,8.43457,LU05,LU28,LU,older,Männlich,2
LTSU,Rorschach/Rorschacherberg,47.48601,9.49412,SG08,SG9,SG,older,Männlich,2
LTSZ,Ebnat-Kappel,47.26259,9.12339,SG02,SG26,SG,older,Weiblich,2
LVGN,Niederbipp,47.26651,7.6963,BE19,BE8,BE,younger,Weiblich,2
LVXL,Gränichen,47.35755,8.10045,AG05,AG36,AG,older,Weiblich,1
LWCO,Mammern,47.64595,8.91593,TG05,TG4,TG,younger,Männlich,1
LYFW,Meiringen,46.72734,8.18692,BE17,BE85,BE,older,Männlich,2
LZBT,Marbach,46.85301,7.89888,LU03,LU32,LU,older,Männlich,2
LZBW,Schmitten,46.68814,9.67165,GR07,GR34,GR,younger,Männlich,2
MAQI,Solothurn,47.2101,7.52971,SO04,SO25,SO,older,Männlich,1
MAXS,Oberägeri,47.14153,8.57767,ZG01,ZG7,ZG,older,Männlich,1
MBKO,Adelboden,46.49315,7.55847,BE02,BE104,BE,older,Weiblich,2
MBVT,Biel,47.14162,7.24749,BE04,BE15,BE,older,Weiblich,1
MCEZ,Obersaxen,46.74558,9.10069,GR05,GR25,GR,younger,Weiblich,3
MCJN,Reigoldswil,47.39694,7.69164,BL05,BA23,BL,younger,Männlich,2
MCMB,Bosco/Gurin,46.3165,8.49157,TI01,TI1,TI,younger,Weiblich,1
MCQO,Interlaken/Unterseen,46.68409,7.84646,BE24,BE79,BE,older,Männlich,2
MEFD,Horgen,47.25917,8.59868,ZH03,ZH55,ZH,older,Männlich,1
MEWO,Eschenbach,47.25551,8.91835,SG03,SG22,SG,older,Weiblich,1
MGNO,Davos/Frauenkirch,46.79752,9.82558,GR03,GR24,GR,older,Männlich,1
MHUD,Vals,46.61663,9.18029,GR09,GR27,GR,older,Männlich,1
MHXW,Rorschach/Rorschacherberg,47.48601,9.49412,SG08,SG9,SG,younger,Weiblich,2
MIDF,Burgdorf,47.05618,7.6229,BE07,BE38,BE,older,Weiblich,1
MIEI,Stans/Oberdorf,46.95722,8.36617,NW01,UW2,NW,younger,Männlich,1
MIIK,Mammern,47.64595,8.91593,TG05,TG4,TG,younger,Weiblich,1
MIXG,Zofingen,47.28908,7.94494,AG11,AG47,AG,older,Männlich,2
MJKM,Hintere Linthal/Auen,46.89468,8.99111,GL01,GL9,GL,younger,Weiblich,1
MKDC,Simplon-Dorf,46.19557,8.05655,VS07,WS25,VS,older,Weiblich,1
MLPB,Interlaken/Unterseen,46.68409,7.84646,BE24,BE79,BE,younger,Männlich,1
MNJJ,Niederbipp,47.26651,7.6963,BE19,BE8,BE,younger,Männlich,2
MOCP,Herisau,47.38892,9.27575,AR01,AP1,AR,older,Männlich,3
MOHG,Basel,47.55902,7.58877,BS01,BA1,BS,older,Weiblich,2
MPDX,Igis,46.96387,9.55825,GR04,GR5,GR,older,Männlich,3
MQDQ,Düdingen,46.84647,7.19085,FR01,FR4,FR,older,Männlich,2
MRDQ,Jaun,46.61094,7.27808,FR04,FR14,FR,older,Männlich,2
MSCO,Biel,47.14162,7.24749,BE04,BE15,BE,younger,Weiblich,1
MSOH,St. Niklaus,46.17598,7.80251,VS08,WS17,VS,younger,Weiblich,1
MWVG,Brugg,47.48281,8.20683,AG03,AG29,AG,older,Männlich,2
MXCL,Vals,46.61663,9.18029,GR09,GR27,GR,older,Weiblich,2
MXDT,Herisau,47.38892,9.27575,AR01,AP1,AR,older,Weiblich,2
MXJS,Freiburg,46.79604,7.1675,FR02,FR7,FR,younger,Weiblich,2
MYXS,Wil,47.46165,9.04346,SG12,SG2,SG,older,Männlich,2
NDVI,St. Niklaus,46.17598,7.80251,VS08,WS17,VS,older,Weiblich,1
NDWO,Davos/Frauenkirch,46.79752,9.82558,GR03,GR24,GR,older,Weiblich,1
NDZV,Liestal,47.48499,7.73451,BL04,BA14,BL,older,Männlich,1
NEIS,Sursee,47.17131,8.10738,LU04,LU6,LU,older,Weiblich,1
NFNF,Langnau,46.94066,7.78536,BE15,BE52,BE,older,Männlich,2
NGPR,Bremgarten/Widen/Zufikon,47.3505,8.34389,AG02,AG43,AG,younger,Weiblich,1
NHCM,Frutigen,46.58837,7.64741,BE09,BE102,BE,younger,Weiblich,2
NIAP,Aarberg,47.04542,7.2781,BE01,BE31,BE,younger,Weiblich,1
NIDZ,Schiers,46.96946,9.68993,GR06,GR10,GR,younger,Männlich,1
NIHI,Fischingen,47.41407,8.96914,TG03,TG19,TG,older,Weiblich,2
NJTA,Meiringen,46.72734,8.18692,BE17,BE85,BE,younger,Männlich,2
NLQP,Engelberg,46.82197,8.40447,OW01,UW12,OW,older,Männlich,1
NMCH,Fischingen,47.41407,8.96914,TG03,TG19,TG,younger,Weiblich,1
NMUE,Visp,46.29263,7.88375,VS10,WS12,VS,older,Männlich,2
NMZI,Visp,46.29263,7.88375,VS10,WS12,VS,younger,Männlich,2
NNHI,Huttwil,47.11406,7.84841,BE11,BE26,BE,older,Männlich,1
NNPH,Ebnat-Kappel,47.26259,9.12339,SG02,SG26,SG,older,Männlich,1
NOMA,Muotathal,46.97497,8.75815,SZ03,SZ15,SZ,younger,Männlich,1
NOQT,Weinfelden,47.56687,9.10911,TG06,TG9,TG,older,Weiblich,3
NPFH,Brig-Glis/Gamsen/Ried-Brig,46.29136,7.97069,VS03,WS23,VS,younger,Männlich,2
NPQC,Frutigen,46.58837,7.64741,BE09,BE102,BE,older,Männlich,3
NQPL,Zweisimmen,46.54537,7.38127,BE25,BE91,BE,younger,Weiblich,1
NSBJ,Ernen,46.39836,8.14467,VS02,WS29,VS,older,Weiblich,1
NUCN,Langenthal,47.21231,7.78712,BE14,BE11,BE,younger,Männlich,3
NUHA,Bülach,47.5188,8.54061,ZH02,ZH16,ZH,older,Weiblich,1
NUYJ,Zug,47.1682,8.51756,ZG02,ZG5,ZG,younger,Weiblich,3
NVYG,Amriswil,47.54509,9.29842,TG01,TG25,TG,older,Männlich,3
NWFD,Grabs,47.18279,9.44287,SG05,SG33,SG,younger,Weiblich,2
NWTU,Langenthal,47.21231,7.78712,BE14,BE11,BE,older,Weiblich,1
NXDG,Thusis,46.69518,9.43784,GR08,GR31,GR,younger,Männlich,2
NYTH,Wilchingen,47.66697,8.46779,SH02,SH2,SH,younger,Männlich,1
NZQW,Wil,47.46165,9.04346,SG12,SG2,SG,younger,Männlich,1
OASX,Muotathal,46.97497,8.75815,SZ03,SZ15,SZ,younger,Weiblich,1
OBMP,Aesch,47.46817,7.59647,BL01,BA7,BL,younger,Weiblich,2
OCBC,Plaffeien,46.74049,7.28816,FR06,FR12,FR,younger,Männlich,1
ODPT,Saas-Grund,46.12329,7.938,VS05,WS21,VS,younger,Weiblich,1
OEAH,Gränichen,47.35755,8.10045,AG05,AG36,AG,younger,Weiblich,1
OEZX,Davos/Frauenkirch,46.79752,9.82558,GR03,GR24,GR,younger,Weiblich,1
OFCF,Einsiedeln,47.12706,8.75399,SZ01,SZ7,SZ,younger,Männlich,1
OFFV,Biel,47.14162,7.24749,BE04,BE15,BE,older,Männlich,2
OFQQ,Thusis,46.69518,9.43784,GR08,GR31,GR,older,Männlich,2
OFXV,Niederbipp,47.26651,7.6963,BE19,BE8,BE,older,Weiblich,2
OGPV,Weggis,47.03221,8.43457,LU05,LU28,LU,younger,Männlich,1
OGQG,Würenlingen,47.53103,8.25799,AG10,AG14,AG,older,Männlich,1
OHPG,Visp,46.29263,7.88375,VS10,WS12,VS,younger,Weiblich,1
OIDW,Saanen/Gstaad,46.4787,7.27587,BE20,BE93,BE,older,Weiblich,1
OKGR,Interlaken/Unterseen,46.68409,7.84646,BE24,BE79,BE,older,Weiblich,1
OKOZ,Schwarzenburg,46.81791,7.34167,BE21,BE64,BE,younger,Weiblich,1
OKWW,Schmitten,46.68814,9.67165,GR07,GR34,GR,younger,Weiblich,3
OLBL,Turtmann,46.3004,7.70341,VS09,WS5,VS,older,Männlich,1
OLQM,Stans/Oberdorf,46.95722,8.36617,NW01,UW2,NW,younger,Weiblich,2
OOMM,Zürich,47.3695,8.53885,ZH07,ZH37,ZH,older,Männlich,1
OPGH,Ernen,46.39836,8.14467,VS02,WS29,VS,older,Männlich,1
ORGN,Reckingen,46.46967,8.24325,VS04,WS32,VS,older,Männlich,2
ORWP,Schiers,46.96946,9.68993,GR06,GR10,GR,older,Weiblich,2
ORZF,Langnau,46.94066,7.78536,BE15,BE52,BE,older,Weiblich,2
ORZO,Schänis,47.16023,9.0463,SG09,SG34,SG,younger,Weiblich,2
OSIL,Rafz,47.61237,8.53723,ZH05,ZH3,ZH,younger,Weiblich,1
OTGL,Saanen/Gstaad,46.4787,7.27587,BE20,BE93,BE,younger,Männlich,2
OTKB,Wilchingen,47.66697,8.46779,SH02,SH2,SH,older,Männlich,1
OUQD,Gränichen,47.35755,8.10045,AG05,AG36,AG,younger,Männlich,2
OUZE,Frutigen,46.58837,7.64741,BE09,BE102,BE,older,Weiblich,1
OWGL,Gelterkinden,47.46393,7.85508,BL02,BA19,BL,younger,Weiblich,1
OWIM,Lauterbrunnen,46.5867,7.90705,BE16,BE110,BE,younger,Weiblich,1
OYFQ,Innerthal,47.10615,8.91949,SZ02,SZ8,SZ,older,Männlich,2
OYUZ,Vals,46.61663,9.18029,GR09,GR27,GR,older,Männlich,1
OYYZ,Langenthal,47.21231,7.78712,BE14,BE11,BE,older,Männlich,1
OZSY,Huttwil,47.11406,7.84841,BE11,BE26,BE,younger,Weiblich,2
PCJF,Mels,47.04644,9.41935,SG06,SG41,SG,older,Weiblich,1
PCMF,Spreitenbach,47.4178,8.36491,AG09,AG33,AG,younger,Männlich,1
PCNX,Schaffhausen,47.69868,8.63228,SH01,SH7,SH,younger,Weiblich,1
PDLD,Plaffeien,46.74049,7.28816,FR06,FR12,FR,older,Männlich,1
PEAV,Rafz,47.61237,8.53723,ZH05,ZH3,ZH,older,Männlich,1
PGMA,Brig-Glis/Gamsen/Ried-Brig,46.29136,7.97069,VS03,WS23,VS,younger,Weiblich,3
PIVE,Würenlingen,47.53103,8.25799,AG10,AG14,AG,older,Weiblich,1
PJCV,Weggis,47.03221,8.43457,LU05,LU28,LU,younger,Männlich,2
PLSP,Hintere Linthal/Auen,46.89468,8.99111,GL01,GL9,GL,older,Weiblich,1
PMBH,Reigoldswil,47.39694,7.69164,BL05,BA23,BL,older,Männlich,1
PMLQ,Würenlingen,47.53103,8.25799,AG10,AG14,AG,younger,Männlich,2
PQFD,Merenschwand,47.26031,8.37408,AG07,AG59,AG,younger,Weiblich,1
PRTT,Hintere Linthal/Auen,46.89468,8.99111,GL01,GL9,GL,older,Weiblich,2
PTMF,Schwarzenburg,46.81791,7.34167,BE21,BE64,BE,older,Männlich,1
PWBS,Gränichen,47.35755,8.10045,AG05,AG36,AG,older,Männlich,1
PWRG,Salgesch,46.31142,7.56975,VS06,WS1,VS,younger,Männlich,1
PXDH,Zofingen,47.28908,7.94494,AG11,AG47,AG,younger,Weiblich,2
PXYB,Mels,47.04644,9.41935,SG06,SG41,SG,younger,Weiblich,1
PYDG,Oberägeri,47.14153,8.57767,ZG01,ZG7,ZG,younger,Männlich,2
PYRT,Maur,47.3403,8.66926,ZH04,ZH40,ZH,younger,Männlich,1
PZKU,Maur,47.3403,8.66926,ZH04,ZH40,ZH,older,Weiblich,1
QAMI,Engelberg,46.82197,8.40447,OW01,UW12,OW,younger,Männlich,1
QBCZ,Maur,47.3403,8.66926,ZH04,ZH40,ZH,younger,Männlich,1
QBYH,Eschenbach,47.25551,8.91835,SG03,SG22,SG,older,Männlich,2
QDBA,Saas-Grund,46.12329,7.938,VS05,WS21,VS,older,Weiblich,1
QDCG,Niederbipp,47.26651,7.6963,BE19,BE8,BE,younger,Männlich,2
QDGR,Glarus,47.04119,9.06642,GL02,GL5,GL,older,Männlich,1
QDGV,Lungern,46.7851,8.1576,OW02,UW10,OW,younger,Weiblich,1
QEOR,Visp,46.29263,7.88375,VS10,WS12,VS,older,Männlich,2
QFCD,Luzern,47.05392,8.30993,LU02,LU25,LU,younger,Weiblich,1
QFPK,Thusis,46.69518,9.43784,GR08,GR31,GR,younger,Männlich,2
QGPN,Wollerau/Freienbach,47.19581,8.72004,SZ05,SZ1,SZ,younger,Männlich,2
QKEJ,Grindelwald,46.62478,8.03534,BE10,BE112,BE,younger,Weiblich,1
QKJG,Rafz,47.61237,8.53723,ZH05,ZH3,ZH,younger,Männlich,2
QKOW,Bauma/Saland,47.36757,8.87776,ZH01,ZH46,ZH,younger,Männlich,2
QKPX,Amriswil,47.54509,9.29842,TG01,TG25,TG,older,Weiblich,1
QMBF,Flawil,47.41279,9.18645,SG04,SG3,SG,older,Männlich,2
QMGE,Lauterbrunnen,46.5867,7.90705,BE16,BE110,BE,older,Weiblich,1
QMNB,Gurmels,46.8932,7.17226,FR03,FR3,FR,younger,Männlich,1
QNPX,Weinfelden,47.56687,9.10911,TG06,TG9,TG,older,Männlich,2
QNXD,Rafz,47.61237,8.53723,ZH05,ZH3,ZH,younger,Männlich,2
QOOD,Liestal,47.48499,7.73451,BL04,BA14,BL,older,Weiblich,1
QOST,Jaun,46.61094,7.27808,FR04,FR14,FR,younger,Männlich,1
QQKY,Ermatingen,47.67067,9.08441,TG02,TG8,TG,younger,Weiblich,1
QRRJ,Unterschächen,46.86328,8.76984,UR03,UR5,UR,younger,Männlich,1
QSIC,Freiburg,46.79604,7.1675,FR02,FR7,FR,older,Weiblich,1
QVTY,Teufen,47.39069,9.3871,AR02,AP4,AR,younger,Weiblich,2
QVWW,St. Gallen,47.43771,9.37291,SG10,SG7,SG,older,Männlich,2
QVXX,Schmitten,46.68814,9.67165,GR07,GR34,GR,younger,Männlich,2
QVYB,Langnau,46.94066,7.78536,BE15,BE52,BE,older,Männlich,1
QVYF,Vals,46.61663,9.18029,GR09,GR27,GR,younger,Männlich,3
QWZT,Murten,46.92725,7.11826,FR05,FR1,FR,older,Männlich,2
QXIH,Frick,47.50728,8.02135,AG04,AG6,AG,older,Weiblich,1
QYGT,Visp,46.29263,7.88375,VS10,WS12,VS,older,Weiblich,2
QZDY,Schwarzenburg,46.81791,7.34167,BE21,BE64,BE,older,Männlich,1
QZEX,Herisau,47.38892,9.27575,AR01,AP1,AR,younger,Männlich,1
RAJQ,Obersaxen,46.74558,9.10069,GR05,GR25,GR,younger,Weiblich,3
RAKP,Frick,47.50728,8.02135,AG04,AG6,AG,older,Männlich,1
RATN,Winterthur,47.49887,8.72867,ZH06,ZH21,ZH,older,Männlich,1
RBLS,Aarau,47.39023,8.04523,AG01,AG34,AG,younger,Männlich,1
RBOG,Reckingen,46.46967,8.24325,VS04,WS32,VS,younger,Weiblich,1
RCDF,Langnau,46.94066,7.78536,BE15,BE52,BE,older,Weiblich,1
RCFR,Herisau,47.38892,9.27575,AR01,AP1,AR,younger,Weiblich,1
RCWY,Teufen,47.39069,9.3871,AR02,AP4,AR,younger,Männlich,2
RDTE,Schaffhausen,47.69868,8.63228,SH01,SH7,SH,younger,Männlich,1
RGML,Igis,46.96387,9.55825,GR04,GR5,GR,younger,Weiblich,2
RGSE,Brugg,47.48281,8.20683,AG03,AG29,AG,older,Männlich,2
RHJX,Brugg,47.48281,8.20683,AG03,AG29,AG,younger,Männlich,2
RHWR,Wollerau/Freienbach,47.19581,8.72004,SZ05,SZ1,SZ,older,Weiblich,2
RHYD,Jaun,46.61094,7.27808,FR04,FR14,FR,younger,Weiblich,1
RIOS,Schaffhausen,47.69868,8.63228,SH01,SH7,SH,older,Männlich,2
RJVT,Altdorf,46.88088,8.643,UR01,UR4,UR,older,Weiblich,1
RLFX,Hospental,46.61895,8.56797,UR02,UR11,UR,older,Männlich,2
RLZK,Chur/Masans,46.85105,9.52757,GR01,GR17,GR,older,Männlich,2
RMKN,Aarau,47.39023,8.04523,AG01,AG34,AG,older,Männlich,1
RMNW,Mammern,47.64595,8.91593,TG05,TG4,TG,older,Weiblich,2
RMYB,Zofingen,47.28908,7.94494,AG11,AG47,AG,older,Weiblich,1
RMZZ,Stans/Oberdorf,46.95722,8.36617,NW01,UW2,NW,younger,Männlich,2
RNEW,Freiburg,46.79604,7.1675,FR02,FR7,FR,older,Männlich,2
RNLY,Schaffhausen,47.69868,8.63228,SH01,SH7,SH,younger,Männlich,1
ROMW,Hintere Linthal/Auen,46.89468,8.99111,GL01,GL9,GL,older,Männlich,2
ROPY,Laufen,47.42059,7.50092,BL03,BE3,BL,younger,Weiblich,3
ROYT,Schwarzenburg,46.81791,7.34167,BE21,BE64,BE,older,Weiblich,1
RQHU,Ins,47.00636,7.10464,BE12,BE28,BE,younger,Männlich,2
RQJR,Jaun,46.61094,7.27808,FR04,FR14,FR,older,Weiblich,1
RRAU,Blumenstein,46.74056,7.52107,BE05,BE72,BE,younger,Weiblich,1
RRDW,Meiringen,46.72734,8.18692,BE17,BE85,BE,younger,Männlich,2
RRUY,Laufen,47.42059,7.50092,BL03,BE3,BL,older,Männlich,2
RRWK,Oberägeri,47.14153,8.57767,ZG01,ZG7,ZG,older,Männlich,2
RSUK,Jaun,46.61094,7.27808,FR04,FR14,FR,older,Männlich,1
RVHZ,Schiers,46.96946,9.68993,GR06,GR10,GR,older,Männlich,2
RVPF,Grindelwald,46.62478,8.03534,BE10,BE112,BE,older,Männlich,2
RWZQ,Brugg,47.48281,8.20683,AG03,AG29,AG,younger,Weiblich,2
RXAO,Adelboden,46.49315,7.55847,BE02,BE104,BE,younger,Weiblich,1
RXJS,Oberriet,47.32008,9.56447,SG07,SG16,SG,younger,Männlich,1
RXSC,Würenlingen,47.53103,8.25799,AG10,AG14,AG,older,Weiblich,1
RYDG,Thun,46.75663,7.6245,BE23,BE74,BE,older,Weiblich,1
RZKH,Möhlin,47.5575,7.84519,AG08,AG2,AG,younger,Männlich,1
SATI,Menziken,47.24278,8.18753,AG06,AG54,AG,younger,Männlich,1
SAUU,Lauterbrunnen,46.5867,7.90705,BE16,BE110,BE,younger,Weiblich,1
SBMK,Ernen,46.39836,8.14467,VS02,WS29,VS,younger,Männlich,3
SCON,Bern,46.93849,7.44783,BE03,BE47,BE,older,Männlich,2
SCTT,Frick,47.50728,8.02135,AG04,AG6,AG,older,Männlich,2
SDOI,Ins,47.00636,7.10464,BE12,BE28,BE,younger,Männlich,2
SDYX,Grindelwald,46.62478,8.03534,BE10,BE112,BE,younger,Weiblich,1
SDYY,Schwyz,47.0211,8.65404,SZ04,SZ13,SZ,younger,Weiblich,2
SFID,Bern,46.93849,7.44783,BE03,BE47,BE,older,Weiblich,1
SFSY,Simplon-Dorf,46.19557,8.05655,VS07,WS25,VS,older,Männlich,2
SHDQ,Rafz,47.61237,8.53723,ZH05,ZH3,ZH,younger,Weiblich,1
SHOU,Meiringen,46.72734,8.18692,BE17,BE85,BE,older,Weiblich,1
SIBL,Rorschach/Rorschacherberg,47.48601,9.49412,SG08,SG9,SG,younger,Männlich,1
SION,Turtmann,46.3004,7.70341,VS09,WS5,VS,older,Weiblich,1
SJVF,Meiringen,46.72734,8.18692,BE17,BE85,BE,older,Männlich,2
SKNK,Ermatingen,47.67067,9.08441,TG02,TG8,TG,younger,Männlich,2
SLLT,Saanen/Gstaad,46.4787,7.27587,BE20,BE93,BE,younger,Weiblich,1
SNDV,Meiringen,46.72734,8.18692,BE17,BE85,BE,younger,Weiblich,1
SOKG,Laufen,47.42059,7.50092,BL03,BE3,BL,older,Weiblich,2
SOZJ,Diepoldsau,47.38495,9.65582,SG01,SG15,SG,younger,Männlich,2
SPBA,Münchenbuchsee,47.02124,7.45048,BE18,BE34,BE,older,Männlich,1
SPCF,Schaffhausen,47.69868,8.63228,SH01,SH7,SH,older,Weiblich,2
SPYB,Konolfingen,46.87897,7.62098,BE13,BE60,BE,older,Weiblich,1
SQAT,Münchenbuchsee,47.02124,7.45048,BE18,BE34,BE,younger,Männlich,2
SRJK,Diepoldsau,47.38495,9.65582,SG01,SG15,SG,younger,Weiblich,2
SSQE,Bosco/Gurin,46.3165,8.49157,TI01,TI1,TI,younger,Männlich,1
SSZQ,Appenzell,47.33092,9.41006,AI01,AP11,AI,older,Weiblich,1
STGG,Blatten,46.42061,7.81976,VS01,WS7,VS,younger,Männlich,2
STIG,Innerthal,47.10615,8.91949,SZ02,SZ8,SZ,older,Weiblich,1
STWW,Bülach,47.5188,8.54061,ZH02,ZH16,ZH,older,Männlich,1
SUKO,Biel,47.14162,7.24749,BE04,BE15,BE,younger,Männlich,1
SUPE,Aarberg,47.04542,7.2781,BE01,BE31,BE,older,Weiblich,2
SWXV,Aarau,47.39023,8.04523,AG01,AG34,AG,older,Weiblich,1
SXAH,Ermatingen,47.67067,9.08441,TG02,TG8,TG,older,Männlich,1
SXHP,Ernen,46.39836,8.14467,VS02,WS29,VS,younger,Männlich,2
SXMH,Burgdorf,47.05618,7.6229,BE07,BE38,BE,older,Männlich,2
SXOS,Frauenfeld,47.55716,8.89486,TG04,TG15,TG,older,Männlich,1
SYIN,Thusis,46.69518,9.43784,GR08,GR31,GR,older,Männlich,2
SYWQ,Interlaken/Unterseen,46.68409,7.84646,BE24,BE79,BE,older,Männlich,1
SYZH,Horgen,47.25917,8.59868,ZH03,ZH55,ZH,older,Weiblich,2
SZYP,Jaun,46.61094,7.27808,FR04,FR14,FR,older,Weiblich,1
TASM,Plaffeien,46.74049,7.28816,FR06,FR12,FR,older,Weiblich,1
TBJW,Mammern,47.64595,8.91593,TG05,TG4,TG,younger,Männlich,1
TCBP,Innerthal,47.10615,8.91949,SZ02,SZ8,SZ,older,Männlich,2
TFBR,Blumenstein,46.74056,7.52107,BE05,BE72,BE,older,Weiblich,2
TFRP,Brig-Glis/Gamsen/Ried-Brig,46.29136,7.97069,VS03,WS23,VS,younger,Männlich,1
TFUD,Marbach,46.85301,7.89888,LU03,LU32,LU,older,Weiblich,1
TGFZ,Igis,46.96387,9.55825,GR04,GR5,GR,older,Weiblich,2
THZB,Sarnen-Kägiswil,46.89607,8.24438,OW03,UW7,OW,older,Weiblich,1
TIBD,Oensingen,47.29075,7.71757,SO02,SO19,SO,older,Weiblich,2
TIBR,Mels,47.04644,9.41935,SG06,SG41,SG,older,Männlich,2
TIDA,Grabs,47.18279,9.44287,SG05,SG33,SG,older,Weiblich,2
TIEX,Ermatingen,47.67067,9.08441,TG02,TG8,TG,younger,Weiblich,2
TIKO,Wilchingen,47.66697,8.46779,SH02,SH2,SH,younger,Weiblich,2
TIVM,Weinfelden,47.56687,9.10911,TG06,TG9,TG,younger,Weiblich,1
TIXC,Willisau,47.12156,7.99079,LU06,LU13,LU,younger,Männlich,1
TKJD,Turtmann,46.3004,7.70341,VS09,WS5,VS,older,Männlich,1
TMAV,Gränichen,47.35755,8.10045,AG05,AG36,AG,younger,Männlich,1
TMQT,Wilchingen,47.66697,8.46779,SH02,SH2,SH,older,Männlich,1
TMYB,Wollerau/Freienbach,47.19581,8.72004,SZ05,SZ1,SZ,younger,Männlich,1
TNUQ,Spreitenbach,47.4178,8.36491,AG09,AG33,AG,older,Weiblich,2
TPJS,Aarberg,47.04542,7.2781,BE01,BE31,BE,younger,Weiblich,1
TPQP,Amriswil,47.54509,9.29842,TG01,TG25,TG,younger,Männlich,1
TPTK,Bülach,47.5188,8.54061,ZH02,ZH16,ZH,younger,Weiblich,2
TPVA,Bern,46.93849,7.44783,BE03,BE47,BE,younger,Weiblich,1
TQKV,Teufen,47.39069,9.3871,AR02,AP4,AR,older,Männlich,2
TRDS,Appenzell,47.33092,9.41006,AI01,AP11,AI,younger,Weiblich,2
TRYJ,Thusis,46.69518,9.43784,GR08,GR31,GR,younger,Weiblich,2
TSAA,Frick,47.50728,8.02135,AG04,AG6,AG,older,Weiblich,2
TSPB,Huttwil,47.11406,7.84841,BE11,BE26,BE,younger,Weiblich,3
TTFI,Sumiswald,47.02803,7.74515,BE22,BE42,BE,younger,Weiblich,2
TTIS,Einsiedeln,47.12706,8.75399,SZ01,SZ7,SZ,younger,Männlich,2
TTOF,Herisau,47.38892,9.27575,AR01,AP1,AR,younger,Männlich,2
TUEM,Aarberg,47.04542,7.2781,BE01,BE31,BE,younger,Männlich,1
TUNJ,St. Gallen,47.43771,9.37291,SG10,SG7,SG,younger,Männlich,2
TUSD,Zweisimmen,46.54537,7.38127,BE25,BE91,BE,older,Männlich,1
TUZA,Aarau,47.39023,8.04523,AG01,AG34,AG,younger,Weiblich,1
TVAU,Davos/Frauenkirch,46.79752,9.82558,GR03,GR24,GR,older,Männlich,1
TVET,Oberägeri,47.14153,8.57767,ZG01,ZG7,ZG,younger,Weiblich,1
TVKA,Ebnat-Kappel,47.26259,9.12339,SG02,SG26,SG,younger,Weiblich,2
TVYF,Marbach,46.85301,7.89888,LU03,LU32,LU,older,Weiblich,1
TVZQ,Möhlin,47.5575,7.84519,AG08,AG2,AG,younger,Weiblich,1
TWDN,Einsiedeln,47.12706,8.75399,SZ01,SZ7,SZ,younger,Weiblich,1
TWOR,Brugg,47.48281,8.20683,AG03,AG29,AG,younger,Weiblich,1
TYCF,Schiers,46.96946,9.68993,GR06,GR10,GR,younger,Männlich,2
TYEY,Brig-Glis/Gamsen/Ried-Brig,46.29136,7.97069,VS03,WS23,VS,older,Männlich,1
UAFK,Wollerau/Freienbach,47.19581,8.72004,SZ05,SZ1,SZ,older,Weiblich,1
UBKB,Langenthal,47.21231,7.78712,BE14,BE11,BE,older,Weiblich,2
UCAX,Saas-Grund,46.12329,7.938,VS05,WS21,VS,older,Männlich,1
UDTD,Spiez/Faulensee,46.671,7.70914,BE08,BE75,BE,younger,Weiblich,2
UDXP,Unterschächen,46.86328,8.76984,UR03,UR5,UR,older,Männlich,1
UFAM,Winterthur,47.49887,8.72867,ZH06,ZH21,ZH,younger,Weiblich,1
UFDY,Wollerau/Freienbach,47.19581,8.72004,SZ05,SZ1,SZ,younger,Weiblich,2
UGBP,Teufen,47.39069,9.3871,AR02,AP4,AR,older,Weiblich,1
UGGO,St. Gallen,47.43771,9.37291,SG10,SG7,SG,younger,Weiblich,1
UGYQ,Blumenstein,46.74056,7.52107,BE05,BE72,BE,younger,Männlich,1
UHTS,Langenthal,47.21231,7.78712,BE14,BE11,BE,younger,Weiblich,1
UICW,Diepoldsau,47.38495,9.65582,SG01,SG15,SG,older,Männlich,1
UIHT,Möhlin,47.5575,7.84519,AG08,AG2,AG,younger,Männlich,1
UKEJ,Menziken,47.24278,8.18753,AG06,AG54,AG,younger,Weiblich,1
ULLP,Amriswil,47.54509,9.29842,TG01,TG25,TG,older,Männlich,2
UMFL,Winterthur,47.49887,8.72867,ZH06,ZH21,ZH,older,Weiblich,2
UNOI,Zürich,47.3695,8.53885,ZH07,ZH37,ZH,older,Weiblich,1
UOAT,Grabs,47.18279,9.44287,SG05,SG33,SG,younger,Männlich,1
UOSS,Schwyz,47.0211,8.65404,SZ04,SZ13,SZ,younger,Weiblich,1
UPAW,Bosco/Gurin,46.3165,8.49157,TI01,TI1,TI,younger,Männlich,1
UQJA,Brig-Glis/Gamsen/Ried-Brig,46.29136,7.97069,VS03,WS23,VS,older,Weiblich,1
UQKW,Biel,47.14162,7.24749,BE04,BE15,BE,older,Männlich,3
URJL,Grindelwald,46.62478,8.03534,BE10,BE112,BE,older,Weiblich,2
USUU,Muotathal,46.97497,8.75815,SZ03,SZ15,SZ,older,Weiblich,1
UUCL,Aarberg,47.04542,7.2781,BE01,BE31,BE,older,Männlich,1
UVIA,Thun,46.75663,7.6245,BE23,BE74,BE,younger,Weiblich,2
UWMU,Wollerau/Freienbach,47.19581,8.72004,SZ05,SZ1,SZ,younger,Weiblich,2
UWOZ,Büren,47.13906,7.37273,BE06,BE19,BE,older,Weiblich,2
UWSQ,Bettlach,47.20294,7.42412,SO01,SO23,SO,older,Weiblich,1
UXEI,Escholzmatt,46.91403,7.93484,LU01,LU31,LU,younger,Männlich,1
UZPN,Schwyz,47.0211,8.65404,SZ04,SZ13,SZ,older,Weiblich,1
VATG,Münchenbuchsee,47.02124,7.45048,BE18,BE34,BE,younger,Männlich,2
VBQG,Oberägeri,47.14153,8.57767,ZG01,ZG7,ZG,older,Weiblich,1
VCMZ,Liestal,47.48499,7.73451,BL04,BA14,BL,younger,Männlich,2
VCZR,Bettlach,47.20294,7.42412,SO01,SO23,SO,older,Männlich,2
VEKJ,Marbach,46.85301,7.89888,LU03,LU32,LU,younger,Weiblich,1
VETL,Schaffhausen,47.69868,8.63228,SH01,SH7,SH,older,Weiblich,2
VFBX,Mammern,47.64595,8.91593,TG05,TG4,TG,older,Männlich,3
VFEX,Saanen/Gstaad,46.4787,7.27587,BE20,BE93,BE,older,Männlich,2
VFKD,Fischingen,47.41407,8.96914,TG03,TG19,TG,younger,Weiblich,1
VFLN,Bremgarten/Widen/Zufikon,47.3505,8.34389,AG02,AG43,AG,younger,Weiblich,2
VGMD,Langnau,46.94066,7.78536,BE15,BE52,BE,younger,Männlich,1
VGXK,Bosco/Gurin,46.3165,8.49157,TI01,TI1,TI,older,Weiblich,1
VHUA,Düdingen,46.84647,7.19085,FR01,FR4,FR,younger,Weiblich,2
VIKF,Luzern,47.05392,8.30993,LU02,LU25,LU,older,Weiblich,2
VITE,Zofingen,47.28908,7.94494,AG11,AG47,AG,younger,Männlich,1
VIVS,Engelberg,46.82197,8.40447,OW01,UW12,OW,older,Männlich,2
VJUZ,Appenzell,47.33092,9.41006,AI01,AP11,AI,older,Männlich,2
VJVC,Winterthur,47.49887,8.72867,ZH06,ZH21,ZH,younger,Weiblich,1
VJYT,Unterschächen,46.86328,8.76984,UR03,UR5,UR,older,Weiblich,1
VLFD,Spiez/Faulensee,46.671,7.70914,BE08,BE75,BE,older,Männlich,2
VMPG,Vals,46.61663,9.18029,GR09,GR27,GR,younger,Männlich,3
VMXT,Unterschächen,46.86328,8.76984,UR03,UR5,UR,younger,Männlich,1
VNQO,Schwarzenburg,46.81791,7.34167,BE21,BE64,BE,younger,Weiblich,1
VOVJ,Blumenstein,46.74056,7.52107,BE05,BE72,BE,older,Männlich,1
VOXQ,Vättis,46.9093,9.44055,SG11,SG46,SG,older,Weiblich,1
VOZO,Frick,47.50728,8.02135,AG04,AG6,AG,younger,Weiblich,1
VPSN,Simplon-Dorf,46.19557,8.05655,VS07,WS25,VS,younger,Männlich,1
VQED,Diepoldsau,47.38495,9.65582,SG01,SG15,SG,younger,Männlich,1
VQVH,Altdorf,46.88088,8.643,UR01,UR4,UR,younger,Weiblich,1
VRIT,Merenschwand,47.26031,8.37408,AG07,AG59,AG,younger,Weiblich,2
VRKE,Engelberg,46.82197,8.40447,OW01,UW12,OW,younger,Männlich,1
VRSA,Marbach,46.85301,7.89888,LU03,LU32,LU,younger,Männlich,1
VRST,Appenzell,47.33092,9.41006,AI01,AP11,AI,younger,Männlich,2
VSXG,Düdingen,46.84647,7.19085,FR01,FR4,FR,younger,Männlich,2
VTEA,Muotathal,46.97497,8.75815,SZ03,SZ15,SZ,older,Weiblich,1
VUCU,Blumenstein,46.74056,7.52107,BE05,BE72,BE,younger,Männlich,1
VUJO,Simplon-Dorf,46.19557,8.05655,VS07,WS25,VS,younger,Weiblich,2
VUTP,Bülach,47.5188,8.54061,ZH02,ZH16,ZH,younger,Weiblich,1
VUYF,Altdorf,46.88088,8.643,UR01,UR4,UR,younger,Weiblich,1
VVAO,Muotathal,46.97497,8.75815,SZ03,SZ15,SZ,younger,Weiblich,1
VWOO,Sursee,47.17131,8.10738,LU04,LU6,LU,younger,Männlich,1
VXQH,Appenzell,47.33092,9.41006,AI01,AP11,AI,younger,Männlich,2
VYVF,Oberägeri,47.14153,8.57767,ZG01,ZG7,ZG,younger,Männlich,2
VZZC,Eschenbach,47.25551,8.91835,SG03,SG22,SG,younger,Weiblich,1
WBHX,Innerthal,47.10615,8.91949,SZ02,SZ8,SZ,younger,Weiblich,1
WCAR,Maur,47.3403,8.66926,ZH04,ZH40,ZH,older,Männlich,1
WCPR,Konolfingen,46.87897,7.62098,BE13,BE60,BE,younger,Weiblich,2
WCWE,Hintere Linthal/Auen,46.89468,8.99111,GL01,GL9,GL,younger,Weiblich,1
WDZS,Davos/Frauenkirch,46.79752,9.82558,GR03,GR24,GR,older,Weiblich,2
WFDO,Schmitten,46.68814,9.67165,GR07,GR34,GR,younger,Weiblich,2
WFQK,Blumenstein,46.74056,7.52107,BE05,BE72,BE,older,Männlich,1
WGFT,Saas-Grund,46.12329,7.938,VS05,WS21,VS,younger,Weiblich,1
WHVY,Escholzmatt,46.91403,7.93484,LU01,LU31,LU,older,Weiblich,1
WIAS,Jaun,46.61094,7.27808,FR04,FR14,FR,younger,Weiblich,1
WIWF,Wil,47.46165,9.04346,SG12,SG2,SG,younger,Männlich,1
WJHB,Chur/Masans,46.85105,9.52757,GR01,GR17,GR,older,Weiblich,3
WJWW,Mammern,47.64595,8.91593,TG05,TG4,TG,older,Männlich,2
WKBB,Lungern,46.7851,8.1576,OW02,UW10,OW,younger,Männlich,2
WLOX,Plaffeien,46.74049,7.28816,FR06,FR12,FR,older,Weiblich,1
WNIY,Schmitten,46.68814,9.67165,GR07,GR34,GR,older,Männlich,2
WNMA,Weinfelden,47.56687,9.10911,TG06,TG9,TG,older,Männlich,2
WOZO,Einsiedeln,47.12706,8.75399,SZ01,SZ7,SZ,older,Weiblich,2
WRWX,Bremgarten/Widen/Zufikon,47.3505,8.34389,AG02,AG43,AG,older,Weiblich,1
WSZF,Merenschwand,47.26031,8.37408,AG07,AG59,AG,older,Weiblich,1
WTEK,Gelterkinden,47.46393,7.85508,BL02,BA19,BL,younger,Männlich,1
WUCN,Brig-Glis/Gamsen/Ried-Brig,46.29136,7.97069,VS03,WS23,VS,older,Männlich,1
WUEY,Schänis,47.16023,9.0463,SG09,SG34,SG,older,Weiblich,2
WUQD,Vättis,46.9093,9.44055,SG11,SG46,SG,younger,Männlich,2
WVLP,Flawil,47.41279,9.18645,SG04,SG3,SG,older,Weiblich,2
WVTO,Reigoldswil,47.39694,7.69164,BL05,BA23,BL,younger,Weiblich,1
WYIV,Möhlin,47.5575,7.84519,AG08,AG2,AG,younger,Weiblich,1
XAEL,Igis,46.96387,9.55825,GR04,GR5,GR,younger,Weiblich,2
XBSQ,Saas-Grund,46.12329,7.938,VS05,WS21,VS,older,Weiblich,1
XCEL,Reckingen,46.46967,8.24325,VS04,WS32,VS,younger,Männlich,2
XCIM,Churwalden,46.79686,9.53858,GR02,GR18,GR,younger,Männlich,2
XDBM,Gränichen,47.35755,8.10045,AG05,AG36,AG,older,Weiblich,1
XDIE,Salgesch,46.31142,7.56975,VS06,WS1,VS,older,Männlich,1
XDYX,Zweisimmen,46.54537,7.38127,BE25,BE91,BE,younger,Männlich,2
XEKM,Glarus,47.04119,9.06642,GL02,GL5,GL,younger,Männlich,2
XEUG,Schiers,46.96946,9.68993,GR06,GR10,GR,older,Weiblich,1
XGAA,Visp,46.29263,7.88375,VS10,WS12,VS,older,Weiblich,2
XIOT,Bremgarten/Widen/Zufikon,47.3505,8.34389,AG02,AG43,AG,older,Männlich,2
XIUW,Amriswil,47.54509,9.29842,TG01,TG25,TG,younger,Weiblich,1
XIWJ,Schänis,47.16023,9.0463,SG09,SG34,SG,younger,Weiblich,2
XIXL,Flawil,47.41279,9.18645,SG04,SG3,SG,younger,Männlich,1
XJVW,Bremgarten/Widen/Zufikon,47.3505,8.34389,AG02,AG43,AG,older,Weiblich,2
XMFF,Bosco/Gurin,46.3165,8.49157,TI01,TI1,TI,older,Männlich,1
XMXO,Gelterkinden,47.46393,7.85508,BL02,BA19,BL,older,Weiblich,2
XMZW,Blatten,46.42061,7.81976,VS01,WS7,VS,younger,Männlich,3
XNAU,Mels,47.04644,9.41935,SG06,SG41,SG,younger,Weiblich,1
XNEG,Konolfingen,46.87897,7.62098,BE13,BE60,BE,older,Männlich,1
XNJP,Weggis,47.03221,8.43457,LU05,LU28,LU,younger,Weiblich,1
XNVQ,Solothurn,47.2101,7.52971,SO04,SO25,SO,older,Weiblich,2
XOHE,Rorschach/Rorschacherberg,47.48601,9.49412,SG08,SG9,SG,younger,Weiblich,2
XOIQ,Konolfingen,46.87897,7.62098,BE13,BE60,BE,older,Männlich,2
XPCV,Gelterkinden,47.46393,7.85508,BL02,BA19,BL,older,Männlich,1
XPMD,Escholzmatt,46.91403,7.93484,LU01,LU31,LU,younger,Weiblich,1
XQGF,Burgdorf,47.05618,7.6229,BE07,BE38,BE,younger,Weiblich,2
XQYH,Lauterbrunnen,46.5867,7.90705,BE16,BE110,BE,younger,Männlich,3
XRIV,Möhlin,47.5575,7.84519,AG08,AG2,AG,older,Männlich,1
XSVA,Chur/Masans,46.85105,9.52757,GR01,GR17,GR,younger,Weiblich,2
XSXQ,Luzern,47.05392,8.30993,LU02,LU25,LU,older,Männlich,2
XTPT,Würenlingen,47.53103,8.25799,AG10,AG14,AG,younger,Männlich,1
XTSM,Gurmels,46.8932,7.17226,FR03,FR3,FR,older,Weiblich,1
XUAK,Zofingen,47.28908,7.94494,AG11,AG47,AG,younger,Weiblich,1
XVBP,Appenzell,47.33092,9.41006,AI01,AP11,AI,older,Weiblich,1
XVHT,Solothurn,47.2101,7.52971,SO04,SO25,SO,older,Weiblich,1
XVRH,Murten,46.92725,7.11826,FR05,FR1,FR,older,Männlich,1
XVTI,Willisau,47.12156,7.99079,LU06,LU13,LU,younger,Weiblich,2
XVXT,Meiringen,46.72734,8.18692,BE17,BE85,BE,older,Weiblich,2
XXCT,Basel,47.55902,7.58877,BS01,BA1,BS,younger,Männlich,2
XYCB,Hintere Linthal/Auen,46.89468,8.99111,GL01,GL9,GL,younger,Männlich,1
XYEE,Menziken,47.24278,8.18753,AG06,AG54,AG,older,Männlich,1
XYEK,Sumiswald,47.02803,7.74515,BE22,BE42,BE,younger,Männlich,2
XYMB,Zug,47.1682,8.51756,ZG02,ZG5,ZG,older,Männlich,2
XZKG,Vättis,46.9093,9.44055,SG11,SG46,SG,older,Männlich,2
YBWQ,Luzern,47.05392,8.30993,LU02,LU25,LU,older,Weiblich,2
YCXF,Adelboden,46.49315,7.55847,BE02,BE104,BE,younger,Weiblich,1
YDIO,Wollerau/Freienbach,47.19581,8.72004,SZ05,SZ1,SZ,older,Männlich,2
YDPY,St. Gallen,47.43771,9.37291,SG10,SG7,SG,older,Weiblich,1
YDQV,Plaffeien,46.74049,7.28816,FR06,FR12,FR,younger,Weiblich,2
YDSB,Bosco/Gurin,46.3165,8.49157,TI01,TI1,TI,older,Männlich,1
YECE,Liestal,47.48499,7.73451,BL04,BA14,BL,younger,Weiblich,2
YELS,Blatten,46.42061,7.81976,VS01,WS7,VS,older,Weiblich,1
YFEF,Interlaken/Unterseen,46.68409,7.84646,BE24,BE79,BE,older,Weiblich,2
YFQM,Konolfingen,46.87897,7.62098,BE13,BE60,BE,younger,Weiblich,1
YFTY,Zweisimmen,46.54537,7.38127,BE25,BE91,BE,younger,Männlich,2
YGDB,Blatten,46.42061,7.81976,VS01,WS7,VS,younger,Weiblich,1
YGDZ,Lungern,46.7851,8.1576,OW02,UW10,OW,younger,Weiblich,1
YGIV,Wilchingen,47.66697,8.46779,SH02,SH2,SH,younger,Männlich,1
YGXH,Adelboden,46.49315,7.55847,BE02,BE104,BE,older,Männlich,1
YGYR,Sarnen-Kägiswil,46.89607,8.24438,OW03,UW7,OW,older,Männlich,2
YHSV,Olten,47.35224,7.89789,SO03,SO12,SO,younger,Weiblich,1
YIIZ,Langnau,46.94066,7.78536,BE15,BE52,BE,younger,Männlich,1
YIKI,St. Gallen,47.43771,9.37291,SG10,SG7,SG,younger,Männlich,1
YIRI,Freiburg,46.79604,7.1675,FR02,FR7,FR,younger,Männlich,2
YJHC,Murten,46.92725,7.11826,FR05,FR1,FR,younger,Männlich,1
YJSI,Menziken,47.24278,8.18753,AG06,AG54,AG,older,Männlich,2
YKFP,Düdingen,46.84647,7.19085,FR01,FR4,FR,younger,Männlich,1
YLOG,Schmitten,46.68814,9.67165,GR07,GR34,GR,older,Weiblich,2
YLYK,Mammern,47.64595,8.91593,TG05,TG4,TG,younger,Weiblich,1
YMLU,Frauenfeld,47.55716,8.89486,TG04,TG15,TG,younger,Männlich,1
YMTU,Wil,47.46165,9.04346,SG12,SG2,SG,older,Weiblich,2
YNDU,Weinfelden,47.56687,9.10911,TG06,TG9,TG,younger,Männlich,2
YOFQ,Escholzmatt,46.91403,7.93484,LU01,LU31,LU,older,Männlich,1
YOGB,Davos/Frauenkirch,46.79752,9.82558,GR03,GR24,GR,younger,Weiblich,2
YPDC,Herisau,47.38892,9.27575,AR01,AP1,AR,older,Männlich,2
YPWC,Zermatt,46.01962,7.74724,VS11,WS20,VS,younger,Weiblich,3
YQIB,Murten,46.92725,7.11826,FR05,FR1,FR,younger,Weiblich,2
YRCD,Zug,47.1682,8.51756,ZG02,ZG5,ZG,younger,Weiblich,2
YRWJ,Huttwil,47.11406,7.84841,BE11,BE26,BE,older,Männlich,1
YRYC,Rorschach/Rorschacherberg,47.48601,9.49412,SG08,SG9,SG,older,Weiblich,1
YUAF,Merenschwand,47.26031,8.37408,AG07,AG59,AG,older,Männlich,1
YVTX,Büren,47.13906,7.37273,BE06,BE19,BE,younger,Weiblich,1
YXMA,Willisau,47.12156,7.99079,LU06,LU13,LU,older,Männlich,1
YXRN,Schänis,47.16023,9.0463,SG09,SG34,SG,older,Weiblich,2
YYYI,Appenzell,47.33092,9.41006,AI01,AP11,AI,younger,Weiblich,1
YZVT,Zürich,47.3695,8.53885,ZH07,ZH37,ZH,younger,Weiblich,2
YZZH,Biel,47.14162,7.24749,BE04,BE15,BE,older,Weiblich,1
ZAAX,Reigoldswil,47.39694,7.69164,BL05,BA23,BL,younger,Weiblich,1
ZAHZ,Hintere Linthal/Auen,46.89468,8.99111,GL01,GL9,GL,younger,Männlich,1
ZBAS,Horgen,47.25917,8.59868,ZH03,ZH55,ZH,older,Weiblich,1
ZCEZ,Bettlach,47.20294,7.42412,SO01,SO23,SO,older,Männlich,1
ZCNV,Sursee,47.17131,8.10738,LU04,LU6,LU,younger,Weiblich,1
ZCOU,Zofingen,47.28908,7.94494,AG11,AG47,AG,older,Weiblich,2
ZDGL,Oensingen,47.29075,7.71757,SO02,SO19,SO,older,Männlich,2
ZEWN,Zermatt,46.01962,7.74724,VS11,WS20,VS,younger,Männlich,2
ZFDB,Aesch,47.46817,7.59647,BL01,BA7,BL,older,Männlich,1
ZFMD,Oensingen,47.29075,7.71757,SO02,SO19,SO,younger,Weiblich,2
ZFOJ,Zug,47.1682,8.51756,ZG02,ZG5,ZG,younger,Männlich,1
ZFWF,Liestal,47.48499,7.73451,BL04,BA14,BL,older,Männlich,1
ZGBL,Huttwil,47.11406,7.84841,BE11,BE26,BE,younger,Männlich,2
ZGNM,Saas-Grund,46.12329,7.938,VS05,WS21,VS,younger,Männlich,1
ZGQY,Rorschach/Rorschacherberg,47.48601,9.49412,SG08,SG9,SG,older,Männlich,1
ZGYT,Burgdorf,47.05618,7.6229,BE07,BE38,BE,older,Männlich,2
ZHCJ,Schwarzenburg,46.81791,7.34167,BE21,BE64,BE,younger,Männlich,2
ZHRR,Weinfelden,47.56687,9.10911,TG06,TG9,TG,younger,Weiblich,2
ZIOD,Wil,47.46165,9.04346,SG12,SG2,SG,older,Männlich,2
ZISL,Solothurn,47.2101,7.52971,SO04,SO25,SO,younger,Weiblich,1
ZJFT,Bern,46.93849,7.44783,BE03,BE47,BE,younger,Männlich,1
ZJOB,Spiez/Faulensee,46.671,7.70914,BE08,BE75,BE,younger,Männlich,2
ZKCK,St. Gallen,47.43771,9.37291,SG10,SG7,SG,younger,Weiblich,1
ZKMF,Biel,47.14162,7.24749,BE04,BE15,BE,younger,Weiblich,1
ZKZN,Wil,47.46165,9.04346,SG12,SG2,SG,older,Weiblich,1
ZLFM,Aarberg,47.04542,7.2781,BE01,BE31,BE,younger,Männlich,1
ZLKX,Langenthal,47.21231,7.78712,BE14,BE11,BE,younger,Weiblich,1
ZLZD,Schwyz,47.0211,8.65404,SZ04,SZ13,SZ,younger,Männlich,2
ZMCX,Salgesch,46.31142,7.56975,VS06,WS1,VS,older,Weiblich,1
ZOLO,Interlaken/Unterseen,46.68409,7.84646,BE24,BE79,BE,younger,Weiblich,1
ZPCZ,Murten,46.92725,7.11826,FR05,FR1,FR,older,Weiblich,2
ZPGU,Unterschächen,46.86328,8.76984,UR03,UR5,UR,older,Weiblich,1
ZPMN,Schänis,47.16023,9.0463,SG09,SG34,SG,younger,Männlich,1
ZPWK,Eschenbach,47.25551,8.91835,SG03,SG22,SG,younger,Männlich,2
ZPWZ,Glarus,47.04119,9.06642,GL02,GL5,GL,younger,Männlich,2
ZQMH,Willisau,47.12156,7.99079,LU06,LU13,LU,younger,Männlich,2
ZQTC,Grindelwald,46.62478,8.03534,BE10,BE112,BE,older,Männlich,2
ZRRB,Einsiedeln,47.12706,8.75399,SZ01,SZ7,SZ,older,Weiblich,1
ZRWA,Plaffeien,46.74049,7.28816,FR06,FR12,FR,younger,Weiblich,1
ZSMF,Escholzmatt,46.91403,7.93484,LU01,LU31,LU,older,Männlich,2
ZTBJ,Frick,47.50728,8.02135,AG04,AG6,AG,younger,Weiblich,2
ZTLY,Menziken,47.24278,8.18753,AG06,AG54,AG,older,Weiblich,2
ZUYN,Frauenfeld,47.55716,8.89486,TG04,TG15,TG,younger,Weiblich,2
ZVDJ,Brig-Glis/Gamsen/Ried-Brig,46.29136,7.97069,VS03,WS23,VS,older,Weiblich,1
ZVMY,Liestal,47.48499,7.73451,BL04,BA14,BL,older,Weiblich,2
ZVYB,Eschenbach,47.25551,8.91835,SG03,SG22,SG,older,Männlich,1
ZWLT,Spreitenbach,47.4178,8.36491,AG09,AG33,AG,younger,Männlich,1
ZXKI,Fischingen,47.41407,8.96914,TG03,TG19,TG,younger,Männlich,1
ZYHQ,Basel,47.55902,7.58877,BS01,BA1,BS,younger,Weiblich,1
ZYKF,Ernen,46.39836,8.14467,VS02,WS29,VS,older,Männlich,1
ZZSM,Churwalden,46.79686,9.53858,GR02,GR18,GR,younger,Weiblich,2
